insert into empresa values (null,'Empresa 1','Nombre 1','Representante 1','Informatica','Blablablablabal\nblablabla<br>asdasda','17/37.39941/-6.03549',1);
insert into empresa values (null,'Empresa 2','Nombre 2','Representante 2','Informatica','Blablablablabal\nblablabla<br>asdasda','17/37.39941/-6.03549',1);
insert into empresa values (null,'Empresa 3','Nombre 3','Representante 3','Informatica','Blablablablabal\nblablabla<br>asdasda','17/37.39941/-6.03549',1);
insert into empresa values (null,'Empresa 4','Nombre 4','Representante 4','Informatica','Blablablablabal\nblablabla<br>asdasda','17/37.39941/-6.03549',1);
insert into empresa values (null,'Empresa 5','Nombre 5','Representante 5','Informatica','Blablablablabal\nblablabla<br>asdasda','17/37.39941/-6.03549',1);
insert into empresa values (null,'Empresa 6','Nombre 6','Representante 6','Informatica','Blablablablabal\nblablabla<br>asdasda','17/37.39941/-6.03549',1);
insert into empresa values (null,'Empresa 7','Nombre 7','Representante 7','Informatica','Blablablablabal\nblablabla<br>asdasda','17/37.39941/-6.03549',1);
insert into empresa values (null,'Empresa 8','Nombre 8','Representante 8','Informatica','Blablablablabal\nblablabla<br>asdasda','17/37.39941/-6.03549',1);
insert into empresa values (null,'Empresa 1','Nombre 1','Representante 1','Diseño','Blablablablabal\nblablabla<br>asdasda','17/37.39941/-6.03549',1);
insert into empresa values (null,'Empresa 2','Nombre 2','Representante 2','Diseño','Blablablablabal\nblablabla<br>asdasda','17/37.39941/-6.03549',1);
insert into empresa values (null,'Empresa 3','Nombre 3','Representante 3','Diseño','Blablablablabal\nblablabla<br>asdasda','17/37.39941/-6.03549',1);
insert into empresa values (null,'Empresa 4','Nombre 4','Representante 4','Diseño','Blablablablabal\nblablabla<br>asdasda','17/37.39941/-6.03549',1);
insert into empresa values (null,'Empresa 5','Nombre 5','Representante 5','Diseño','Blablablablabal\nblablabla<br>asdasda','17/37.39941/-6.03549',1);
insert into empresa values (null,'Empresa 6','Nombre 6','Representante 6','Diseño','Blablablablabal\nblablabla<br>asdasda','17/37.39941/-6.03549',1);
insert into empresa values (null,'Empresa 7','Nombre 7','Representante 7','Diseño','Blablablablabal\nblablabla<br>asdasda','17/37.39941/-6.03549',1);
insert into empresa values (null,'Empresa 8','Nombre 8','Representante 8','Diseño','Blablablablabal\nblablabla<br>asdasda','17/37.39941/-6.03549',1);
insert into empresa values (null,'Empresa 2','Nombre 2','Representante 2','Diseño','Blablablablabal\nblablabla<br>asdasda','17/37.39941/-6.03549',1);
insert into empresa values (null,'Empresa 3','Nombre 3','Representante 3','Diseño','Blablablablabal\nblablabla<br>asdasda','17/37.39941/-6.03549',1);
insert into empresa values (null,'Empresa 4','Nombre 4','Representante 4','Diseño','Blablablablabal\nblablabla<br>asdasda','17/37.39941/-6.03549',1);
insert into empresa values (null,'Empresa 5','Nombre 5','Representante 5','Diseño','Blablablablabal\nblablabla<br>asdasda','17/37.39941/-6.03549',1);
insert into empresa values (null,'Empresa 6','Nombre 6','Representante 6','Diseño','Blablablablabal\nblablabla<br>asdasda','17/37.39941/-6.03549',1);
insert into empresa values (null,'Empresa 7','Nombre 7','Representante 7','Diseño','Blablablablabal\nblablabla<br>asdasda','17/37.39941/-6.03549',1);
insert into empresa values (null,'Empresa 8','Nombre 8','Representante 8','Diseño','Blablablablabal\nblablabla<br>asdasda','17/37.39941/-6.03549',1);

insert into imagenes values (1,1,'1 - oeZC2K17cGJ4IZIRtAM45w.png');
insert into imagenes values (1,2,'edificio - empresa2.jpg');
insert into imagenes values (1,3,'56b6504105c5a.jpg');
insert into imagenes values (1,4,'166474.png');
insert into imagenes values (1,5,'439240.jpeg');
insert into imagenes values (1,6,'1696130.jpg');
insert into imagenes values (1,7,'21130159_ml.jpg');
insert into imagenes values (1,8,'93938348.jpg	');
insert into imagenes values (1,9,'deloitte_edificio_620x350.jpg');
insert into imagenes values (1,10,'1414507335_175641_1414507465_noticia_normal.jpg');
insert into imagenes values (1,11,'1436342982_179746_1436349126_noticia_normal.jpg');
insert into imagenes values (1,12,'8758771512_8240954c62.jpg');
insert into imagenes values (1,13,'14598769007897.jpg');
insert into imagenes values (1,14,'Albasanz-16-Exterior-01.png');
insert into imagenes values (1,15,'b3e1c28d4b0b522589caa965bdab4e94.jpg');
insert into imagenes values (1,16,'Captura-de-pantalla-2018-10-08-a-las-13.33.28.png');


insert into puesto values (10, 1, 'Health Coach II', null);
insert into puesto values (5, 2, 'General Manager', null);
insert into puesto values (11, 3, 'Research Associate', null);
insert into puesto values (5, 4, 'Paralegal', null);
insert into puesto values (3, 5, 'Office Assistant IV', null);
insert into puesto values (5, 6, 'Senior Quality Engineer', null);
insert into puesto values (7, 7, 'Senior Editor', null);
insert into puesto values (10, 8, 'Associate Professor', null);
insert into puesto values (2, 9, 'Legal Assistant', null);
insert into puesto values (5, 10, 'Help Desk Operator', null);
insert into puesto values (14, 11, 'Sales Representative', null);
insert into puesto values (10, 12, 'Research Associate', null);
insert into puesto values (4, 13, 'Social Worker', null);
insert into puesto values (1, 14, 'Safety Technician III', null);
insert into puesto values (10, 15, 'Librarian', null);
insert into puesto values (1, 16, 'Analyst Programmer', null);
insert into puesto values (12, 17, 'Physical Therapy Assistant', null);
insert into puesto values (1, 18, 'Graphic Designer', null);
insert into puesto values (12, 19, 'Associate Professor', null);
insert into puesto values (10, 20, 'Web Developer I', null);
insert into puesto values (3, 21, 'Occupational Therapist', null);
insert into puesto values (6, 22, 'Chief Design Engineer', null);
insert into puesto values (1, 23, 'Financial Advisor', null);
insert into puesto values (3, 24, 'Executive Secretary', null);
insert into puesto values (16, 25, 'Registered Nurse', null);
insert into puesto values (8, 26, 'Structural Analysis Engineer', null);
insert into puesto values (9, 27, 'Technical Writer', null);
insert into puesto values (9, 28, 'Social Worker', null);
insert into puesto values (3, 29, 'Automation Specialist III', null);
insert into puesto values (14, 30, 'Editor', null);
insert into puesto values (6, 31, 'Systems Administrator I', null);
insert into puesto values (10, 32, 'Human Resources Manager', null);
insert into puesto values (9, 33, 'Desktop Support Technician', null);
insert into puesto values (1, 34, 'Senior Quality Engineer', null);
insert into puesto values (12, 35, 'Account Representative I', null);
insert into puesto values (1, 36, 'Software Consultant', null);
insert into puesto values (3, 37, 'Programmer Analyst I', null);
insert into puesto values (11, 38, 'Structural Engineer', null);
insert into puesto values (1, 39, 'Programmer I', null);
insert into puesto values (7, 40, 'Nuclear Power Engineer', null);
insert into puesto values (2, 41, 'VP Quality Control', null);
insert into puesto values (3, 42, 'Research Assistant I', null);
insert into puesto values (16, 43, 'Account Executive', null);
insert into puesto values (5, 44, 'Civil Engineer', null);
insert into puesto values (2, 45, 'Environmental Specialist', null);
insert into puesto values (5, 46, 'Staff Scientist', null);
insert into puesto values (16, 47, 'Assistant Media Planner', null);
insert into puesto values (13, 48, 'Systems Administrator II', null);
insert into puesto values (5, 49, 'Paralegal', null);
insert into puesto values (11, 50, 'Director of Sales', null);


insert into requisito values (6, 1, null);
insert into requisito values (25, 2, null);
insert into requisito values (46, 3, null);
insert into requisito values (14, 4, null);
insert into requisito values (39, 5, null);
insert into requisito values (24, 6, null);
insert into requisito values (20, 7, null);
insert into requisito values (3, 8, null);
insert into requisito values (5, 9, null);
insert into requisito values (4, 10, null);
insert into requisito values (30, 11, null);
insert into requisito values (17, 12, null);
insert into requisito values (5, 13, null);
insert into requisito values (49, 14, null);
insert into requisito values (39, 15, null);
insert into requisito values (1, 16, null);
insert into requisito values (27, 17, null);
insert into requisito values (16, 18, null);
insert into requisito values (41, 19, null);
insert into requisito values (13, 20, null);
insert into requisito values (47, 21, null);
insert into requisito values (22, 22, null);
insert into requisito values (43, 23, null);
insert into requisito values (32, 24, null);
insert into requisito values (33, 25, null);
insert into requisito values (17, 26, null);
insert into requisito values (27, 27, null);
insert into requisito values (37, 28, null);
insert into requisito values (40, 29, null);
insert into requisito values (5, 30, null);
insert into requisito values (37, 31, null);
insert into requisito values (2, 32, null);
insert into requisito values (30, 33, null);
insert into requisito values (5, 34, null);
insert into requisito values (1, 35, null);
insert into requisito values (22, 36, null);
insert into requisito values (41, 37, null);
insert into requisito values (25, 38, null);
insert into requisito values (45, 39, null);
insert into requisito values (20, 40, null);
insert into requisito values (11, 41, null);
insert into requisito values (39, 42, null);
insert into requisito values (14, 43, null);
insert into requisito values (4, 44, null);
insert into requisito values (18, 45, null);
insert into requisito values (10, 46, null);
insert into requisito values (23, 47, null);
insert into requisito values (38, 48, null);
insert into requisito values (45, 49, null);
insert into requisito values (21, 50, null);
insert into requisito values (26, 51, null);
insert into requisito values (49, 52, null);
insert into requisito values (31, 53, null);
insert into requisito values (13, 54, null);
insert into requisito values (1, 55, null);
insert into requisito values (45, 56, null);
insert into requisito values (2, 57, null);
insert into requisito values (36, 58, null);
insert into requisito values (19, 59, null);
insert into requisito values (13, 60, null);
insert into requisito values (45, 61, null);
insert into requisito values (9, 62, null);
insert into requisito values (44, 63, null);
insert into requisito values (17, 64, null);
insert into requisito values (34, 65, null);
insert into requisito values (7, 66, null);
insert into requisito values (13, 67, null);
insert into requisito values (12, 68, null);
insert into requisito values (34, 69, null);
insert into requisito values (28, 70, null);
insert into requisito values (7, 71, null);
insert into requisito values (49, 72, null);
insert into requisito values (19, 73, null);
insert into requisito values (15, 74, null);
insert into requisito values (24, 75, null);
insert into requisito values (34, 76, null);
insert into requisito values (48, 77, null);
insert into requisito values (6, 78, null);
insert into requisito values (12, 79, null);
insert into requisito values (20, 80, null);
insert into requisito values (27, 81, null);
insert into requisito values (21, 82, null);
insert into requisito values (12, 83, null);
insert into requisito values (35, 84, null);
insert into requisito values (15, 85, null);
insert into requisito values (11, 86, null);
insert into requisito values (47, 87, null);
insert into requisito values (32, 88, null);
insert into requisito values (27, 89, null);
insert into requisito values (30, 90, null);
insert into requisito values (32, 91, null);
insert into requisito values (32, 92, null);
insert into requisito values (20, 93, null);
insert into requisito values (5, 94, null);
insert into requisito values (46, 95, null);
insert into requisito values (36, 96, null);
insert into requisito values (12, 97, null);
insert into requisito values (29, 98, null);
insert into requisito values (41, 99, null);
insert into requisito values (20, 100, null);
insert into requisito values (15, 101, null);
insert into requisito values (15, 102, null);
insert into requisito values (20, 103, null);
insert into requisito values (39, 104, null);
insert into requisito values (25, 105, null);
insert into requisito values (29, 106, null);
insert into requisito values (36, 107, null);
insert into requisito values (11, 108, null);
insert into requisito values (15, 109, null);
insert into requisito values (29, 110, null);
insert into requisito values (26, 111, null);
insert into requisito values (20, 112, null);
insert into requisito values (40, 113, null);
insert into requisito values (25, 114, null);
insert into requisito values (19, 115, null);
insert into requisito values (24, 116, null);
insert into requisito values (17, 117, null);
insert into requisito values (15, 118, null);
insert into requisito values (34, 119, null);
insert into requisito values (6, 120, null);
insert into requisito values (41, 121, null);
insert into requisito values (6, 122, null);
insert into requisito values (27, 123, null);
insert into requisito values (24, 124, null);
insert into requisito values (2, 125, null);
insert into requisito values (22, 126, null);
insert into requisito values (30, 127, null);
insert into requisito values (38, 128, null);
insert into requisito values (10, 129, null);
insert into requisito values (4, 130, null);
insert into requisito values (19, 131, null);
insert into requisito values (35, 132, null);
insert into requisito values (18, 133, null);
insert into requisito values (29, 134, null);
insert into requisito values (40, 135, null);
insert into requisito values (8, 136, null);
insert into requisito values (38, 137, null);
insert into requisito values (47, 138, null);
insert into requisito values (21, 139, null);
insert into requisito values (29, 140, null);
insert into requisito values (34, 141, null);
insert into requisito values (46, 142, null);
insert into requisito values (7, 143, null);
insert into requisito values (50, 144, null);
insert into requisito values (31, 145, null);
insert into requisito values (45, 146, null);
insert into requisito values (23, 147, null);
insert into requisito values (33, 148, null);
insert into requisito values (1, 149, null);
insert into requisito values (28, 150, null);
insert into requisito values (10, 151, null);
insert into requisito values (11, 152, null);
insert into requisito values (34, 153, null);
insert into requisito values (49, 154, null);
insert into requisito values (24, 155, null);
insert into requisito values (10, 156, null);
insert into requisito values (29, 157, null);
insert into requisito values (2, 158, null);
insert into requisito values (7, 159, null);
insert into requisito values (8, 160, null);
insert into requisito values (16, 161, null);
insert into requisito values (29, 162, null);
insert into requisito values (37, 163, null);
insert into requisito values (43, 164, null);
insert into requisito values (23, 165, null);
insert into requisito values (28, 166, null);
insert into requisito values (19, 167, null);
insert into requisito values (50, 168, null);
insert into requisito values (24, 169, null);
insert into requisito values (45, 170, null);
insert into requisito values (33, 171, null);
insert into requisito values (5, 172, null);
insert into requisito values (48, 173, null);
insert into requisito values (38, 174, null);
insert into requisito values (18, 175, null);
insert into requisito values (15, 176, null);
insert into requisito values (19, 177, null);
insert into requisito values (31, 178, null);
insert into requisito values (6, 179, null);
insert into requisito values (42, 180, null);
insert into requisito values (6, 181, null);
insert into requisito values (14, 182, null);
insert into requisito values (32, 183, null);
insert into requisito values (29, 184, null);
insert into requisito values (36, 185, null);
insert into requisito values (4, 186, null);
insert into requisito values (7, 187, null);
insert into requisito values (49, 188, null);
insert into requisito values (10, 189, null);
insert into requisito values (14, 190, null);
insert into requisito values (3, 191, null);
insert into requisito values (30, 192, null);
insert into requisito values (32, 193, null);
insert into requisito values (28, 194, null);
insert into requisito values (24, 195, null);
insert into requisito values (1, 196, null);
insert into requisito values (31, 197, null);
insert into requisito values (27, 198, null);
insert into requisito values (24, 199, null);
insert into requisito values (19, 200, null);
insert into requisito values (28, 201, null);
insert into requisito values (28, 202, null);
insert into requisito values (39, 203, null);
insert into requisito values (46, 204, null);
insert into requisito values (24, 205, null);
insert into requisito values (7, 206, null);
insert into requisito values (16, 207, null);
insert into requisito values (25, 208, null);
insert into requisito values (25, 209, null);
insert into requisito values (29, 210, null);
insert into requisito values (15, 211, null);
insert into requisito values (37, 212, null);
insert into requisito values (8, 213, null);
insert into requisito values (11, 214, null);
insert into requisito values (7, 215, null);
insert into requisito values (17, 216, null);
insert into requisito values (1, 217, null);
insert into requisito values (15, 218, null);
insert into requisito values (32, 219, null);
insert into requisito values (21, 220, null);
insert into requisito values (41, 221, null);
insert into requisito values (7, 222, null);
insert into requisito values (16, 223, null);
insert into requisito values (15, 224, null);
insert into requisito values (34, 225, null);
insert into requisito values (22, 226, null);
insert into requisito values (10, 227, null);
insert into requisito values (40, 228, null);
insert into requisito values (46, 229, null);
insert into requisito values (5, 230, null);
insert into requisito values (6, 231, null);
insert into requisito values (40, 232, null);
insert into requisito values (45, 233, null);
insert into requisito values (27, 234, null);
insert into requisito values (31, 235, null);
insert into requisito values (9, 236, null);
insert into requisito values (21, 237, null);
insert into requisito values (33, 238, null);
insert into requisito values (25, 239, null);
insert into requisito values (4, 240, null);
insert into requisito values (25, 241, null);
insert into requisito values (48, 242, null);
insert into requisito values (29, 243, null);
insert into requisito values (29, 244, null);
insert into requisito values (24, 245, null);
insert into requisito values (16, 246, null);
insert into requisito values (23, 247, null);
insert into requisito values (18, 248, null);
insert into requisito values (5, 249, null);
insert into requisito values (38, 250, null);
insert into requisito values (16, 251, null);
insert into requisito values (6, 252, null);
insert into requisito values (26, 253, null);
insert into requisito values (11, 254, null);
insert into requisito values (49, 255, null);
insert into requisito values (24, 256, null);
insert into requisito values (18, 257, null);
insert into requisito values (44, 258, null);
insert into requisito values (11, 259, null);
insert into requisito values (30, 260, null);
insert into requisito values (3, 261, null);
insert into requisito values (11, 262, null);
insert into requisito values (25, 263, null);
insert into requisito values (42, 264, null);
insert into requisito values (6, 265, null);
insert into requisito values (31, 266, null);
insert into requisito values (41, 267, null);
insert into requisito values (32, 268, null);
insert into requisito values (31, 269, null);
insert into requisito values (7, 270, null);
insert into requisito values (20, 271, null);
insert into requisito values (38, 272, null);
insert into requisito values (10, 273, null);
insert into requisito values (41, 274, null);
insert into requisito values (42, 275, null);
insert into requisito values (13, 276, null);
insert into requisito values (16, 277, null);
insert into requisito values (3, 278, null);
insert into requisito values (14, 279, null);
insert into requisito values (22, 280, null);
insert into requisito values (39, 281, null);
insert into requisito values (24, 282, null);
insert into requisito values (20, 283, null);
insert into requisito values (10, 284, null);
insert into requisito values (4, 285, null);
insert into requisito values (25, 286, null);
insert into requisito values (23, 287, null);
insert into requisito values (8, 288, null);
insert into requisito values (12, 289, null);
insert into requisito values (35, 290, null);
insert into requisito values (43, 291, null);
insert into requisito values (5, 292, null);
insert into requisito values (30, 293, null);
insert into requisito values (23, 294, null);
insert into requisito values (43, 295, null);
insert into requisito values (19, 296, null);
insert into requisito values (2, 297, null);
insert into requisito values (37, 298, null);
insert into requisito values (49, 299, null);
insert into requisito values (40, 300, null);


insert into usuarios (id, nombre, apellidos, pass, cuentaactiva, rol, fechanacimiento, correoelectronico) values ('cmathes0', 'Cathy', 'Mathes', 'b5Wfkblmvb', 1, 'Profesor', '1999-01-08 23:58:16', 'cmathes0@cpanel.net');
insert into usuarios (id, nombre, apellidos, pass, cuentaactiva, rol, fechanacimiento, correoelectronico) values ('eghiraldi1', 'Emmalynn', 'Ghiraldi', 'r3dN6LRf6pc', 1, 'Estudiante', '1961-02-20 22:53:49', 'eghiraldi1@prweb.com');
insert into usuarios (id, nombre, apellidos, pass, cuentaactiva, rol, fechanacimiento, correoelectronico) values ('cespin2', 'Colleen', 'Espin', 'XJuVFL6w', 1, 'Estudiante', '1966-03-08 14:55:18', 'cespin2@newsvine.com');
insert into usuarios (id, nombre, apellidos, pass, cuentaactiva, rol, fechanacimiento, correoelectronico) values ('deuston3', 'Danella', 'Euston', 'BhZ66osDFS9j', 1, 'Estudiante', '1995-04-24 20:36:21', 'deuston3@guardian.co.uk');
insert into usuarios (id, nombre, apellidos, pass, cuentaactiva, rol, fechanacimiento, correoelectronico) values ('gadamowicz4', 'Gwendolyn', 'Adamowicz', 'VgtsqY3DxYW', 1, 'Estudiante', '2010-06-28 13:35:28', 'gadamowicz4@bluehost.com');
insert into usuarios (id, nombre, apellidos, pass, cuentaactiva, rol, fechanacimiento, correoelectronico) values ('dworboys5', 'Darrin', 'Worboys', 'gabaufi', 1, 'Estudiante', '1997-05-27 21:55:04', 'dworboys5@vk.com');
insert into usuarios (id, nombre, apellidos, pass, cuentaactiva, rol, fechanacimiento, correoelectronico) values ('ksuckling6', 'Kip', 'Suckling', 'InDJGA5Y', 0, 'Estudiante', '1983-01-01 05:53:52', 'ksuckling6@blog.com');
insert into usuarios (id, nombre, apellidos, pass, cuentaactiva, rol, fechanacimiento, correoelectronico) values ('dbroker7', 'Dennie', 'Broker', 'zwY6QWK', 0, 'Estudiante', '2003-07-25 02:44:22', 'dbroker7@amazonaws.com');
insert into usuarios (id, nombre, apellidos, pass, cuentaactiva, rol, fechanacimiento, correoelectronico) values ('ehaycox8', 'Ebenezer', 'Haycox', 'ew2HBHcbPas', 0, 'Estudiante', '1998-11-21 09:03:14', 'ehaycox8@baidu.com');
insert into usuarios (id, nombre, apellidos, pass, cuentaactiva, rol, fechanacimiento, correoelectronico) values ('cmcgeown9', 'Carmon', 'McGeown', 'eeNYBHSPi', 1, 'Estudiante', '1999-04-27 19:11:21', 'cmcgeown9@mapy.cz');
insert into usuarios (id, nombre, apellidos, pass, cuentaactiva, rol, fechanacimiento, correoelectronico) values ('mduxbarrya', 'Marketa', 'Duxbarry', 'SMghN7gTdlWT', 0, 'Estudiante', '1983-04-13 16:58:43', 'mduxbarrya@chicagotribune.com');
insert into usuarios (id, nombre, apellidos, pass, cuentaactiva, rol, fechanacimiento, correoelectronico) values ('aglastonburyb', 'Annabelle', 'Glastonbury', 'nsjs77EzHj8j', 1, 'Estudiante', '1963-09-05 13:56:21', 'aglastonburyb@ezinearticles.com');
insert into usuarios (id, nombre, apellidos, pass, cuentaactiva, rol, fechanacimiento, correoelectronico) values ('cdanielskyc', 'Clementina', 'Danielsky', 'ywSfgXU', 0, 'Estudiante', '1971-08-02 02:49:41', 'cdanielskyc@soundcloud.com');
insert into usuarios (id, nombre, apellidos, pass, cuentaactiva, rol, fechanacimiento, correoelectronico) values ('acavanaughd', 'Abby', 'Cavanaugh', 'MdEMCZ', 0, 'Estudiante', '1986-03-30 20:26:33', 'acavanaughd@ezinearticles.com');
insert into usuarios (id, nombre, apellidos, pass, cuentaactiva, rol, fechanacimiento, correoelectronico) values ('gstonemane', 'Genni', 'Stoneman', 'e0a6ry', 0, 'Estudiante', '1987-02-10 18:54:34', 'gstonemane@simplemachines.org');
insert into usuarios (id, nombre, apellidos, pass, cuentaactiva, rol, fechanacimiento, correoelectronico) values ('pwallsworthf', 'Petrina', 'Wallsworth', 'd2Dof7', 0, 'Estudiante', '1972-03-14 13:12:48', 'pwallsworthf@networksolutions.com');
insert into usuarios (id, nombre, apellidos, pass, cuentaactiva, rol, fechanacimiento, correoelectronico) values ('bdenmang', 'Brod', 'Denman', 'LmJYeD', 0, 'Estudiante', '1998-09-20 15:51:54', 'bdenmang@patch.com');
insert into usuarios (id, nombre, apellidos, pass, cuentaactiva, rol, fechanacimiento, correoelectronico) values ('rcortnayh', 'Reece', 'Cortnay', '4eel1x', 0, 'Estudiante', '1969-05-30 17:28:20', 'rcortnayh@domainmarket.com');
insert into usuarios (id, nombre, apellidos, pass, cuentaactiva, rol, fechanacimiento, correoelectronico) values ('aoneali', 'Arthur', 'Oneal', 'DCGUTBKew', 1, 'Estudiante', '1965-07-18 16:18:05', 'aoneali@paginegialle.it');
insert into usuarios (id, nombre, apellidos, pass, cuentaactiva, rol, fechanacimiento, correoelectronico) values ('moelsj', 'Muire', 'Oels', '2jQgFt87Zk', 1, 'Estudiante', '1996-07-19 19:51:25', 'moelsj@pcworld.com');

insert into opinion (usuario, empresa, certificado, opinionprofesor) values ('cmathes0', 16, 0, '');
insert into opinion (usuario, empresa, certificado, opinionprofesor) values ('dworboys5', 7, 0, '');
insert into opinion (usuario, empresa, certificado, opinionprofesor) values ('gstonemane', 11, 0, '');
insert into opinion (usuario, empresa, certificado, opinionprofesor) values ('dbroker7', 16, 0, '');
insert into opinion (usuario, empresa, certificado, opinionprofesor) values ('cmcgeown9', 6, 0, '');
insert into opinion (usuario, empresa, certificado, opinionprofesor) values ('acavanaughd', 16, 0, '');
insert into opinion (usuario, empresa, certificado, opinionprofesor) values ('aglastonburyb', 8, 0, '');
insert into opinion (usuario, empresa, certificado, opinionprofesor) values ('rcortnayh', 9, 0, '');
insert into opinion (usuario, empresa, certificado, opinionprofesor) values ('eghiraldi1', 13, 0, '');
insert into opinion (usuario, empresa, certificado, opinionprofesor) values ('cmcgeown9', 13, 0, '');
insert into opinion (usuario, empresa, certificado, opinionprofesor) values ('cmcgeown9', 14, 0, '');
insert into opinion (usuario, empresa, certificado, opinionprofesor) values ('aglastonburyb', 8, 0, '');
insert into opinion (usuario, empresa, certificado, opinionprofesor) values ('bdenmang', 10, 0, '');
insert into opinion (usuario, empresa, certificado, opinionprofesor) values ('cespin2', 3, 0, '');
insert into opinion (usuario, empresa, certificado, opinionprofesor) values ('mduxbarrya', 13, 0, '');
insert into opinion (usuario, empresa, certificado, opinionprofesor) values ('ehaycox8', 7, 0, '');
insert into opinion (usuario, empresa, certificado, opinionprofesor) values ('mduxbarrya', 2, 0, '');
insert into opinion (usuario, empresa, certificado, opinionprofesor) values ('rcortnayh', 9, 0, '');
insert into opinion (usuario, empresa, certificado, opinionprofesor) values ('cmathes0', 3, 0, '');
insert into opinion (usuario, empresa, certificado, opinionprofesor) values ('eghiraldi1', 8, 0, '');
insert into opinion (usuario, empresa, certificado, opinionprofesor) values ('cdanielskyc', 7, 0, '');
insert into opinion (usuario, empresa, certificado, opinionprofesor) values ('bdenmang', 6, 0, '');
insert into opinion (usuario, empresa, certificado, opinionprofesor) values ('rcortnayh', 3, 0, '');
insert into opinion (usuario, empresa, certificado, opinionprofesor) values ('gadamowicz4', 6, 0, '');
insert into opinion (usuario, empresa, certificado, opinionprofesor) values ('ksuckling6', 10, 0, '');
insert into opinion (usuario, empresa, certificado, opinionprofesor) values ('rcortnayh', 9, 0, '');
insert into opinion (usuario, empresa, certificado, opinionprofesor) values ('aoneali', 8, 0, '');
insert into opinion (usuario, empresa, certificado, opinionprofesor) values ('gstonemane', 9, 0, '');
insert into opinion (usuario, empresa, certificado, opinionprofesor) values ('aoneali', 9, 0, '');
insert into opinion (usuario, empresa, certificado, opinionprofesor) values ('cmathes0', 15, 0, '');
insert into opinion (usuario, empresa, certificado, opinionprofesor) values ('cdanielskyc', 5, 0, '');
insert into opinion (usuario, empresa, certificado, opinionprofesor) values ('rcortnayh', 14, 0, '');
insert into opinion (usuario, empresa, certificado, opinionprofesor) values ('dbroker7', 5, 0, '');
insert into opinion (usuario, empresa, certificado, opinionprofesor) values ('moelsj', 10, 0, '');
insert into opinion (usuario, empresa, certificado, opinionprofesor) values ('cmcgeown9', 16, 0, '');
insert into opinion (usuario, empresa, certificado, opinionprofesor) values ('pwallsworthf', 4, 0, '');
insert into opinion (usuario, empresa, certificado, opinionprofesor) values ('bdenmang', 13, 0, '');
insert into opinion (usuario, empresa, certificado, opinionprofesor) values ('mduxbarrya', 4, 0, '');
insert into opinion (usuario, empresa, certificado, opinionprofesor) values ('cespin2', 12, 0, '');
insert into opinion (usuario, empresa, certificado, opinionprofesor) values ('moelsj', 13, 0, '');
insert into opinion (usuario, empresa, certificado, opinionprofesor) values ('dbroker7', 11, 0, '');
insert into opinion (usuario, empresa, certificado, opinionprofesor) values ('dworboys5', 5, 0, '');
insert into opinion (usuario, empresa, certificado, opinionprofesor) values ('cmcgeown9', 4, 0, '');
insert into opinion (usuario, empresa, certificado, opinionprofesor) values ('dworboys5', 10, 0, '');
insert into opinion (usuario, empresa, certificado, opinionprofesor) values ('moelsj', 3, 0, '');
insert into opinion (usuario, empresa, certificado, opinionprofesor) values ('ehaycox8', 16, 0, '');
insert into opinion (usuario, empresa, certificado, opinionprofesor) values ('cespin2', 16, 0, '');
insert into opinion (usuario, empresa, certificado, opinionprofesor) values ('gadamowicz4', 14, 0, '');
insert into opinion (usuario, empresa, certificado, opinionprofesor) values ('rcortnayh', 14, 0, '');
insert into opinion (usuario, empresa, certificado, opinionprofesor) values ('aglastonburyb', 11, 0, '');
insert into opinion (usuario, empresa, certificado, opinionprofesor) values ('cdanielskyc', 15, 0, '');
insert into opinion (usuario, empresa, certificado, opinionprofesor) values ('cmathes0', 9, 0, '');
insert into opinion (usuario, empresa, certificado, opinionprofesor) values ('dworboys5', 2, 0, '');
insert into opinion (usuario, empresa, certificado, opinionprofesor) values ('gadamowicz4', 12, 0, '');
insert into opinion (usuario, empresa, certificado, opinionprofesor) values ('moelsj', 11, 0, '');
insert into opinion (usuario, empresa, certificado, opinionprofesor) values ('aoneali', 5, 0, '');
insert into opinion (usuario, empresa, certificado, opinionprofesor) values ('mduxbarrya', 12, 0, '');
insert into opinion (usuario, empresa, certificado, opinionprofesor) values ('aoneali', 16, 0, '');
insert into opinion (usuario, empresa, certificado, opinionprofesor) values ('rcortnayh', 9, 0, '');
insert into opinion (usuario, empresa, certificado, opinionprofesor) values ('aoneali', 12, 0, '');
insert into opinion (usuario, empresa, certificado, opinionprofesor) values ('cdanielskyc', 16, 0, '');
insert into opinion (usuario, empresa, certificado, opinionprofesor) values ('gadamowicz4', 9, 0, '');
insert into opinion (usuario, empresa, certificado, opinionprofesor) values ('pwallsworthf', 14, 0, '');
insert into opinion (usuario, empresa, certificado, opinionprofesor) values ('moelsj', 15, 0, '');
insert into opinion (usuario, empresa, certificado, opinionprofesor) values ('deuston3', 13, 0, '');
insert into opinion (usuario, empresa, certificado, opinionprofesor) values ('gstonemane', 3, 0, '');
insert into opinion (usuario, empresa, certificado, opinionprofesor) values ('mduxbarrya', 16, 0, '');
insert into opinion (usuario, empresa, certificado, opinionprofesor) values ('ksuckling6', 16, 0, '');
insert into opinion (usuario, empresa, certificado, opinionprofesor) values ('mduxbarrya', 13, 0, '');
insert into opinion (usuario, empresa, certificado, opinionprofesor) values ('ksuckling6', 10, 0, '');
insert into opinion (usuario, empresa, certificado, opinionprofesor) values ('gadamowicz4', 4, 0, '');
insert into opinion (usuario, empresa, certificado, opinionprofesor) values ('cmathes0', 14, 0, '');
insert into opinion (usuario, empresa, certificado, opinionprofesor) values ('cmathes0', 9, 0, '');
insert into opinion (usuario, empresa, certificado, opinionprofesor) values ('mduxbarrya', 9, 0, '');
insert into opinion (usuario, empresa, certificado, opinionprofesor) values ('acavanaughd', 1, 0, '');
insert into opinion (usuario, empresa, certificado, opinionprofesor) values ('mduxbarrya', 16, 0, '');
insert into opinion (usuario, empresa, certificado, opinionprofesor) values ('ehaycox8', 16, 0, '');
insert into opinion (usuario, empresa, certificado, opinionprofesor) values ('ehaycox8', 8, 0, '');
insert into opinion (usuario, empresa, certificado, opinionprofesor) values ('deuston3', 16, 0, '');
insert into opinion (usuario, empresa, certificado, opinionprofesor) values ('mduxbarrya', 8, 0, '');
insert into opinion (usuario, empresa, certificado, opinionprofesor) values ('dbroker7', 2, 0, '');
insert into opinion (usuario, empresa, certificado, opinionprofesor) values ('eghiraldi1', 10, 0, '');
insert into opinion (usuario, empresa, certificado, opinionprofesor) values ('cmathes0', 14, 0, '');
insert into opinion (usuario, empresa, certificado, opinionprofesor) values ('ksuckling6', 15, 0, '');
insert into opinion (usuario, empresa, certificado, opinionprofesor) values ('aoneali', 3, 0, '');
insert into opinion (usuario, empresa, certificado, opinionprofesor) values ('dbroker7', 11, 0, '');
insert into opinion (usuario, empresa, certificado, opinionprofesor) values ('pwallsworthf', 2, 0, '');
insert into opinion (usuario, empresa, certificado, opinionprofesor) values ('pwallsworthf', 4, 0, '');
insert into opinion (usuario, empresa, certificado, opinionprofesor) values ('eghiraldi1', 9, 0, '');
insert into opinion (usuario, empresa, certificado, opinionprofesor) values ('eghiraldi1', 16, 0, '');
insert into opinion (usuario, empresa, certificado, opinionprofesor) values ('cmcgeown9', 16, 0, '');
insert into opinion (usuario, empresa, certificado, opinionprofesor) values ('cmcgeown9', 13, 0, '');
insert into opinion (usuario, empresa, certificado, opinionprofesor) values ('cmcgeown9', 6, 0, '');
insert into opinion (usuario, empresa, certificado, opinionprofesor) values ('pwallsworthf', 15, 0, '');
insert into opinion (usuario, empresa, certificado, opinionprofesor) values ('aoneali', 15, 0, '');
insert into opinion (usuario, empresa, certificado, opinionprofesor) values ('gstonemane', 8, 0, '');
insert into opinion (usuario, empresa, certificado, opinionprofesor) values ('aoneali', 6, 0, '');
insert into opinion (usuario, empresa, certificado, opinionprofesor) values ('acavanaughd', 11, 0, '');
insert into opinion (usuario, empresa, certificado, opinionprofesor) values ('ksuckling6', 6, 0, '');
insert into opinion (usuario, empresa, certificado, opinionprofesor) values ('mduxbarrya', 15, 0, '');
insert into opinion (usuario, empresa, certificado, opinionprofesor) values ('cmcgeown9', 2, 0, '');
insert into opinion (usuario, empresa, certificado, opinionprofesor) values ('ehaycox8', 11, 0, '');
insert into opinion (usuario, empresa, certificado, opinionprofesor) values ('ksuckling6', 5, 0, '');
insert into opinion (usuario, empresa, certificado, opinionprofesor) values ('aoneali', 1, 0, '');
insert into opinion (usuario, empresa, certificado, opinionprofesor) values ('gstonemane', 2, 0, '');
insert into opinion (usuario, empresa, certificado, opinionprofesor) values ('bdenmang', 13, 0, '');
insert into opinion (usuario, empresa, certificado, opinionprofesor) values ('cmathes0', 2, 0, '');
insert into opinion (usuario, empresa, certificado, opinionprofesor) values ('mduxbarrya', 10, 0, '');
insert into opinion (usuario, empresa, certificado, opinionprofesor) values ('aglastonburyb', 1, 0, '');
insert into opinion (usuario, empresa, certificado, opinionprofesor) values ('eghiraldi1', 5, 0, '');
insert into opinion (usuario, empresa, certificado, opinionprofesor) values ('cdanielskyc', 16, 0, '');
insert into opinion (usuario, empresa, certificado, opinionprofesor) values ('gadamowicz4', 2, 0, '');
insert into opinion (usuario, empresa, certificado, opinionprofesor) values ('dbroker7', 4, 0, '');
insert into opinion (usuario, empresa, certificado, opinionprofesor) values ('pwallsworthf', 2, 0, '');
insert into opinion (usuario, empresa, certificado, opinionprofesor) values ('aoneali', 2, 0, '');
insert into opinion (usuario, empresa, certificado, opinionprofesor) values ('rcortnayh', 4, 0, '');
insert into opinion (usuario, empresa, certificado, opinionprofesor) values ('cdanielskyc', 15, 0, '');
insert into opinion (usuario, empresa, certificado, opinionprofesor) values ('cespin2', 4, 0, '');
insert into opinion (usuario, empresa, certificado, opinionprofesor) values ('ksuckling6', 2, 0, '');
insert into opinion (usuario, empresa, certificado, opinionprofesor) values ('pwallsworthf', 8, 0, '');
insert into opinion (usuario, empresa, certificado, opinionprofesor) values ('cespin2', 7, 0, '');
insert into opinion (usuario, empresa, certificado, opinionprofesor) values ('eghiraldi1', 6, 0, '');
insert into opinion (usuario, empresa, certificado, opinionprofesor) values ('rcortnayh', 13, 0, '');
insert into opinion (usuario, empresa, certificado, opinionprofesor) values ('ksuckling6', 10, 0, '');
insert into opinion (usuario, empresa, certificado, opinionprofesor) values ('dworboys5', 10, 0, '');
insert into opinion (usuario, empresa, certificado, opinionprofesor) values ('cdanielskyc', 1, 0, '');
insert into opinion (usuario, empresa, certificado, opinionprofesor) values ('rcortnayh', 8, 0, '');
insert into opinion (usuario, empresa, certificado, opinionprofesor) values ('cdanielskyc', 6, 0, '');
insert into opinion (usuario, empresa, certificado, opinionprofesor) values ('ksuckling6', 16, 0, '');
insert into opinion (usuario, empresa, certificado, opinionprofesor) values ('rcortnayh', 15, 0, '');
insert into opinion (usuario, empresa, certificado, opinionprofesor) values ('gadamowicz4', 16, 0, '');
insert into opinion (usuario, empresa, certificado, opinionprofesor) values ('dbroker7', 15, 0, '');
insert into opinion (usuario, empresa, certificado, opinionprofesor) values ('acavanaughd', 16, 0, '');
insert into opinion (usuario, empresa, certificado, opinionprofesor) values ('aoneali', 2, 0, '');
insert into opinion (usuario, empresa, certificado, opinionprofesor) values ('bdenmang', 16, 0, '');
insert into opinion (usuario, empresa, certificado, opinionprofesor) values ('pwallsworthf', 16, 0, '');
insert into opinion (usuario, empresa, certificado, opinionprofesor) values ('gstonemane', 6, 0, '');
insert into opinion (usuario, empresa, certificado, opinionprofesor) values ('cmathes0', 8, 0, '');
insert into opinion (usuario, empresa, certificado, opinionprofesor) values ('eghiraldi1', 9, 0, '');
insert into opinion (usuario, empresa, certificado, opinionprofesor) values ('deuston3', 15, 0, '');
insert into opinion (usuario, empresa, certificado, opinionprofesor) values ('cespin2', 16, 0, '');
insert into opinion (usuario, empresa, certificado, opinionprofesor) values ('gadamowicz4', 4, 0, '');
insert into opinion (usuario, empresa, certificado, opinionprofesor) values ('mduxbarrya', 11, 0, '');
insert into opinion (usuario, empresa, certificado, opinionprofesor) values ('dworboys5', 6, 0, '');
insert into opinion (usuario, empresa, certificado, opinionprofesor) values ('acavanaughd', 16, 0, '');
insert into opinion (usuario, empresa, certificado, opinionprofesor) values ('pwallsworthf', 8, 0, '');
insert into opinion (usuario, empresa, certificado, opinionprofesor) values ('aoneali', 5, 0, '');
insert into opinion (usuario, empresa, certificado, opinionprofesor) values ('acavanaughd', 3, 0, '');
insert into opinion (usuario, empresa, certificado, opinionprofesor) values ('mduxbarrya', 9, 0, '');
insert into opinion (usuario, empresa, certificado, opinionprofesor) values ('ehaycox8', 16, 0, '');
insert into opinion (usuario, empresa, certificado, opinionprofesor) values ('dworboys5', 7, 0, '');
insert into opinion (usuario, empresa, certificado, opinionprofesor) values ('aglastonburyb', 12, 0, '');
insert into opinion (usuario, empresa, certificado, opinionprofesor) values ('mduxbarrya', 5, 0, '');
insert into opinion (usuario, empresa, certificado, opinionprofesor) values ('mduxbarrya', 9, 0, '');
insert into opinion (usuario, empresa, certificado, opinionprofesor) values ('ksuckling6', 8, 0, '');
insert into opinion (usuario, empresa, certificado, opinionprofesor) values ('acavanaughd', 16, 0, '');
insert into opinion (usuario, empresa, certificado, opinionprofesor) values ('moelsj', 12, 0, '');
insert into opinion (usuario, empresa, certificado, opinionprofesor) values ('pwallsworthf', 7, 0, '');
insert into opinion (usuario, empresa, certificado, opinionprofesor) values ('pwallsworthf', 4, 0, '');
insert into opinion (usuario, empresa, certificado, opinionprofesor) values ('cespin2', 6, 0, '');
insert into opinion (usuario, empresa, certificado, opinionprofesor) values ('ksuckling6', 3, 0, '');
insert into opinion (usuario, empresa, certificado, opinionprofesor) values ('ksuckling6', 3, 0, '');
insert into opinion (usuario, empresa, certificado, opinionprofesor) values ('mduxbarrya', 2, 0, '');
insert into opinion (usuario, empresa, certificado, opinionprofesor) values ('aoneali', 14, 0, '');
insert into opinion (usuario, empresa, certificado, opinionprofesor) values ('pwallsworthf', 4, 0, '');
insert into opinion (usuario, empresa, certificado, opinionprofesor) values ('bdenmang', 8, 0, '');
insert into opinion (usuario, empresa, certificado, opinionprofesor) values ('aoneali', 15, 0, '');
insert into opinion (usuario, empresa, certificado, opinionprofesor) values ('eghiraldi1', 11, 0, '');
insert into opinion (usuario, empresa, certificado, opinionprofesor) values ('bdenmang', 16, 0, '');
insert into opinion (usuario, empresa, certificado, opinionprofesor) values ('aglastonburyb', 7, 0, '');
insert into opinion (usuario, empresa, certificado, opinionprofesor) values ('gstonemane', 5, 0, '');
insert into opinion (usuario, empresa, certificado, opinionprofesor) values ('gstonemane', 12, 0, '');
insert into opinion (usuario, empresa, certificado, opinionprofesor) values ('mduxbarrya', 5, 0, '');
insert into opinion (usuario, empresa, certificado, opinionprofesor) values ('mduxbarrya', 16, 0, '');
insert into opinion (usuario, empresa, certificado, opinionprofesor) values ('cespin2', 10, 0, '');
insert into opinion (usuario, empresa, certificado, opinionprofesor) values ('gstonemane', 2, 0, '');
insert into opinion (usuario, empresa, certificado, opinionprofesor) values ('mduxbarrya', 14, 0, '');
insert into opinion (usuario, empresa, certificado, opinionprofesor) values ('gstonemane', 13, 0, '');
insert into opinion (usuario, empresa, certificado, opinionprofesor) values ('cmcgeown9', 3, 0, '');
insert into opinion (usuario, empresa, certificado, opinionprofesor) values ('cdanielskyc', 14, 0, '');
insert into opinion (usuario, empresa, certificado, opinionprofesor) values ('acavanaughd', 4, 0, '');
insert into opinion (usuario, empresa, certificado, opinionprofesor) values ('aglastonburyb', 12, 0, '');
insert into opinion (usuario, empresa, certificado, opinionprofesor) values ('gstonemane', 11, 0, '');
insert into opinion (usuario, empresa, certificado, opinionprofesor) values ('moelsj', 15, 0, '');
insert into opinion (usuario, empresa, certificado, opinionprofesor) values ('dworboys5', 8, 0, '');
insert into opinion (usuario, empresa, certificado, opinionprofesor) values ('aglastonburyb', 1, 0, '');
insert into opinion (usuario, empresa, certificado, opinionprofesor) values ('pwallsworthf', 3, 0, '');
insert into opinion (usuario, empresa, certificado, opinionprofesor) values ('deuston3', 12, 0, '');
insert into opinion (usuario, empresa, certificado, opinionprofesor) values ('eghiraldi1', 7, 0, '');
insert into opinion (usuario, empresa, certificado, opinionprofesor) values ('eghiraldi1', 13, 0, '');
insert into opinion (usuario, empresa, certificado, opinionprofesor) values ('dworboys5', 1, 0, '');
insert into opinion (usuario, empresa, certificado, opinionprofesor) values ('cespin2', 12, 0, '');
insert into opinion (usuario, empresa, certificado, opinionprofesor) values ('ksuckling6', 14, 0, '');
insert into opinion (usuario, empresa, certificado, opinionprofesor) values ('cespin2', 11, 0, '');
insert into opinion (usuario, empresa, certificado, opinionprofesor) values ('aoneali', 6, 0, '');
insert into opinion (usuario, empresa, certificado, opinionprofesor) values ('mduxbarrya', 6, 0, '');
insert into opinion (usuario, empresa, certificado, opinionprofesor) values ('rcortnayh', 2, 0, '');
insert into opinion (usuario, empresa, certificado, opinionprofesor) values ('cmathes0', 10, 0, '');
insert into opinion (usuario, empresa, certificado, opinionprofesor) values ('dbroker7', 10, 0, '');
insert into opinion (usuario, empresa, certificado, opinionprofesor) values ('gstonemane', 6, 0, '');
insert into opinion (usuario, empresa, certificado, opinionprofesor) values ('cmcgeown9', 13, 0, '');
insert into opinion (usuario, empresa, certificado, opinionprofesor) values ('acavanaughd', 2, 0, '');
insert into opinion (usuario, empresa, certificado, opinionprofesor) values ('moelsj', 2, 0, '');
insert into opinion (usuario, empresa, certificado, opinionprofesor) values ('gstonemane', 4, 0, '');
insert into opinion (usuario, empresa, certificado, opinionprofesor) values ('bdenmang', 4, 0, '');
insert into opinion (usuario, empresa, certificado, opinionprofesor) values ('aglastonburyb', 6, 0, '');
insert into opinion (usuario, empresa, certificado, opinionprofesor) values ('gstonemane', 9, 0, '');
insert into opinion (usuario, empresa, certificado, opinionprofesor) values ('cmathes0', 15, 0, '');
insert into opinion (usuario, empresa, certificado, opinionprofesor) values ('bdenmang', 4, 0, '');
insert into opinion (usuario, empresa, certificado, opinionprofesor) values ('ehaycox8', 1, 0, '');
insert into opinion (usuario, empresa, certificado, opinionprofesor) values ('eghiraldi1', 4, 0, '');
insert into opinion (usuario, empresa, certificado, opinionprofesor) values ('mduxbarrya', 16, 0, '');
insert into opinion (usuario, empresa, certificado, opinionprofesor) values ('bdenmang', 14, 0, '');
insert into opinion (usuario, empresa, certificado, opinionprofesor) values ('mduxbarrya', 16, 0, '');
insert into opinion (usuario, empresa, certificado, opinionprofesor) values ('deuston3', 11, 0, '');
insert into opinion (usuario, empresa, certificado, opinionprofesor) values ('moelsj', 3, 0, '');
insert into opinion (usuario, empresa, certificado, opinionprofesor) values ('dworboys5', 11, 0, '');
insert into opinion (usuario, empresa, certificado, opinionprofesor) values ('moelsj', 11, 0, '');
insert into opinion (usuario, empresa, certificado, opinionprofesor) values ('cmathes0', 11, 0, '');
insert into opinion (usuario, empresa, certificado, opinionprofesor) values ('pwallsworthf', 2, 0, '');
insert into opinion (usuario, empresa, certificado, opinionprofesor) values ('aoneali', 15, 0, '');
insert into opinion (usuario, empresa, certificado, opinionprofesor) values ('gadamowicz4', 9, 0, '');
insert into opinion (usuario, empresa, certificado, opinionprofesor) values ('acavanaughd', 7, 0, '');
insert into opinion (usuario, empresa, certificado, opinionprofesor) values ('bdenmang', 8, 0, '');
insert into opinion (usuario, empresa, certificado, opinionprofesor) values ('cdanielskyc', 3, 0, '');
insert into opinion (usuario, empresa, certificado, opinionprofesor) values ('rcortnayh', 4, 0, '');
insert into opinion (usuario, empresa, certificado, opinionprofesor) values ('deuston3', 16, 0, '');
insert into opinion (usuario, empresa, certificado, opinionprofesor) values ('moelsj', 7, 0, '');
insert into opinion (usuario, empresa, certificado, opinionprofesor) values ('gstonemane', 13, 0, '');
insert into opinion (usuario, empresa, certificado, opinionprofesor) values ('eghiraldi1', 15, 0, '');
insert into opinion (usuario, empresa, certificado, opinionprofesor) values ('bdenmang', 4, 0, '');
insert into opinion (usuario, empresa, certificado, opinionprofesor) values ('dworboys5', 5, 0, '');
insert into opinion (usuario, empresa, certificado, opinionprofesor) values ('moelsj', 2, 0, '');
insert into opinion (usuario, empresa, certificado, opinionprofesor) values ('cespin2', 6, 0, '');
insert into opinion (usuario, empresa, certificado, opinionprofesor) values ('aoneali', 5, 0, '');
insert into opinion (usuario, empresa, certificado, opinionprofesor) values ('eghiraldi1', 5, 0, '');
insert into opinion (usuario, empresa, certificado, opinionprofesor) values ('moelsj', 13, 0, '');
insert into opinion (usuario, empresa, certificado, opinionprofesor) values ('rcortnayh', 15, 0, '');
insert into opinion (usuario, empresa, certificado, opinionprofesor) values ('cmcgeown9', 5, 0, '');
insert into opinion (usuario, empresa, certificado, opinionprofesor) values ('bdenmang', 11, 0, '');
insert into opinion (usuario, empresa, certificado, opinionprofesor) values ('cdanielskyc', 8, 0, '');
insert into opinion (usuario, empresa, certificado, opinionprofesor) values ('dworboys5', 15, 0, '');
insert into opinion (usuario, empresa, certificado, opinionprofesor) values ('cespin2', 1, 0, '');
insert into opinion (usuario, empresa, certificado, opinionprofesor) values ('rcortnayh', 15, 0, '');
insert into opinion (usuario, empresa, certificado, opinionprofesor) values ('pwallsworthf', 2, 0, '');
insert into opinion (usuario, empresa, certificado, opinionprofesor) values ('cespin2', 13, 0, '');
insert into opinion (usuario, empresa, certificado, opinionprofesor) values ('gadamowicz4', 15, 0, '');
insert into opinion (usuario, empresa, certificado, opinionprofesor) values ('aglastonburyb', 11, 0, '');
insert into opinion (usuario, empresa, certificado, opinionprofesor) values ('ehaycox8', 7, 0, '');
insert into opinion (usuario, empresa, certificado, opinionprofesor) values ('eghiraldi1', 13, 0, '');
insert into opinion (usuario, empresa, certificado, opinionprofesor) values ('aoneali', 4, 0, '');
insert into opinion (usuario, empresa, certificado, opinionprofesor) values ('ehaycox8', 2, 0, '');
insert into opinion (usuario, empresa, certificado, opinionprofesor) values ('ehaycox8', 8, 0, '');
insert into opinion (usuario, empresa, certificado, opinionprofesor) values ('ksuckling6', 6, 0, '');
insert into opinion (usuario, empresa, certificado, opinionprofesor) values ('cmathes0', 12, 0, '');
insert into opinion (usuario, empresa, certificado, opinionprofesor) values ('cmcgeown9', 5, 0, '');
insert into opinion (usuario, empresa, certificado, opinionprofesor) values ('acavanaughd', 6, 0, '');
insert into opinion (usuario, empresa, certificado, opinionprofesor) values ('gstonemane', 16, 0, '');
insert into opinion (usuario, empresa, certificado, opinionprofesor) values ('dworboys5', 6, 0, '');
insert into opinion (usuario, empresa, certificado, opinionprofesor) values ('ksuckling6', 4, 0, '');
insert into opinion (usuario, empresa, certificado, opinionprofesor) values ('aglastonburyb', 3, 0, '');
insert into opinion (usuario, empresa, certificado, opinionprofesor) values ('pwallsworthf', 5, 0, '');
insert into opinion (usuario, empresa, certificado, opinionprofesor) values ('mduxbarrya', 2, 0, '');
insert into opinion (usuario, empresa, certificado, opinionprofesor) values ('cmathes0', 12, 0, '');
insert into opinion (usuario, empresa, certificado, opinionprofesor) values ('dworboys5', 10, 0, '');
insert into opinion (usuario, empresa, certificado, opinionprofesor) values ('ksuckling6', 13, 0, '');
insert into opinion (usuario, empresa, certificado, opinionprofesor) values ('acavanaughd', 15, 0, '');
insert into opinion (usuario, empresa, certificado, opinionprofesor) values ('cmathes0', 2, 0, '');
insert into opinion (usuario, empresa, certificado, opinionprofesor) values ('ksuckling6', 15, 0, '');
insert into opinion (usuario, empresa, certificado, opinionprofesor) values ('ksuckling6', 13, 0, '');
insert into opinion (usuario, empresa, certificado, opinionprofesor) values ('deuston3', 8, 0, '');
insert into opinion (usuario, empresa, certificado, opinionprofesor) values ('gstonemane', 9, 0, '');
insert into opinion (usuario, empresa, certificado, opinionprofesor) values ('ehaycox8', 1, 0, '');
insert into opinion (usuario, empresa, certificado, opinionprofesor) values ('gstonemane', 11, 0, '');
insert into opinion (usuario, empresa, certificado, opinionprofesor) values ('gadamowicz4', 12, 0, '');
insert into opinion (usuario, empresa, certificado, opinionprofesor) values ('gstonemane', 5, 0, '');
insert into opinion (usuario, empresa, certificado, opinionprofesor) values ('bdenmang', 11, 0, '');
insert into opinion (usuario, empresa, certificado, opinionprofesor) values ('ehaycox8', 6, 0, '');
insert into opinion (usuario, empresa, certificado, opinionprofesor) values ('pwallsworthf', 15, 0, '');
insert into opinion (usuario, empresa, certificado, opinionprofesor) values ('moelsj', 7, 0, '');
insert into opinion (usuario, empresa, certificado, opinionprofesor) values ('gadamowicz4', 13, 0, '');
insert into opinion (usuario, empresa, certificado, opinionprofesor) values ('gadamowicz4', 2, 0, '');
insert into opinion (usuario, empresa, certificado, opinionprofesor) values ('cmathes0', 11, 0, '');
insert into opinion (usuario, empresa, certificado, opinionprofesor) values ('moelsj', 12, 0, '');
insert into opinion (usuario, empresa, certificado, opinionprofesor) values ('mduxbarrya', 8, 0, '');
insert into opinion (usuario, empresa, certificado, opinionprofesor) values ('dbroker7', 9, 0, '');
insert into opinion (usuario, empresa, certificado, opinionprofesor) values ('cespin2', 16, 0, '');
insert into opinion (usuario, empresa, certificado, opinionprofesor) values ('rcortnayh', 7, 0, '');
insert into opinion (usuario, empresa, certificado, opinionprofesor) values ('deuston3', 8, 0, '');
insert into opinion (usuario, empresa, certificado, opinionprofesor) values ('cdanielskyc', 2, 0, '');
insert into opinion (usuario, empresa, certificado, opinionprofesor) values ('cmathes0', 2, 0, '');
insert into opinion (usuario, empresa, certificado, opinionprofesor) values ('ksuckling6', 2, 0, '');
insert into opinion (usuario, empresa, certificado, opinionprofesor) values ('deuston3', 16, 0, '');
insert into opinion (usuario, empresa, certificado, opinionprofesor) values ('moelsj', 6, 0, '');
insert into opinion (usuario, empresa, certificado, opinionprofesor) values ('gstonemane', 9, 0, '');
insert into opinion (usuario, empresa, certificado, opinionprofesor) values ('cespin2', 4, 0, '');
insert into opinion (usuario, empresa, certificado, opinionprofesor) values ('dworboys5', 1, 0, '');
insert into opinion (usuario, empresa, certificado, opinionprofesor) values ('ksuckling6', 5, 0, '');
insert into opinion (usuario, empresa, certificado, opinionprofesor) values ('mduxbarrya', 5, 0, '');
insert into opinion (usuario, empresa, certificado, opinionprofesor) values ('dworboys5', 9, 0, '');


insert into valoracion (usuario, empresa, valoracion) values ('eghiraldi1', 12, 4);
insert into valoracion (usuario, empresa, valoracion) values ('cdanielskyc', 14, 4);
insert into valoracion (usuario, empresa, valoracion) values ('mduxbarrya', 5, 1);
insert into valoracion (usuario, empresa, valoracion) values ('ksuckling6', 9, 1);
insert into valoracion (usuario, empresa, valoracion) values ('moelsj', 2, 3);
insert into valoracion (usuario, empresa, valoracion) values ('eghiraldi1', 2, 1);
insert into valoracion (usuario, empresa, valoracion) values ('pwallsworthf', 12, 4);
insert into valoracion (usuario, empresa, valoracion) values ('dworboys5', 8, 3);
insert into valoracion (usuario, empresa, valoracion) values ('mduxbarrya', 16, 2);
insert into valoracion (usuario, empresa, valoracion) values ('pwallsworthf', 9, 4);
insert into valoracion (usuario, empresa, valoracion) values ('aglastonburyb', 1, 4);
insert into valoracion (usuario, empresa, valoracion) values ('acavanaughd', 13, 3);
insert into valoracion (usuario, empresa, valoracion) values ('ksuckling6', 6, 1);
insert into valoracion (usuario, empresa, valoracion) values ('dbroker7', 9, 4);
insert into valoracion (usuario, empresa, valoracion) values ('bdenmang', 16, 3);
insert into valoracion (usuario, empresa, valoracion) values ('moelsj', 7, 2);
insert into valoracion (usuario, empresa, valoracion) values ('acavanaughd', 3, 1);
insert into valoracion (usuario, empresa, valoracion) values ('deuston3', 6, 5);
insert into valoracion (usuario, empresa, valoracion) values ('moelsj', 15, 3);
insert into valoracion (usuario, empresa, valoracion) values ('dbroker7', 4, 3);
insert into valoracion (usuario, empresa, valoracion) values ('deuston3', 2, 3);
insert into valoracion (usuario, empresa, valoracion) values ('acavanaughd', 5, 1);
insert into valoracion (usuario, empresa, valoracion) values ('bdenmang', 15, 4);
insert into valoracion (usuario, empresa, valoracion) values ('moelsj', 9, 1);
insert into valoracion (usuario, empresa, valoracion) values ('mduxbarrya', 7, 1);
insert into valoracion (usuario, empresa, valoracion) values ('bdenmang', 6, 1);
insert into valoracion (usuario, empresa, valoracion) values ('cdanielskyc', 12, 2);
insert into valoracion (usuario, empresa, valoracion) values ('ksuckling6', 10, 4);
insert into valoracion (usuario, empresa, valoracion) values ('cmathes0', 7, 5);
insert into valoracion (usuario, empresa, valoracion) values ('gstonemane', 14, 3);
insert into valoracion (usuario, empresa, valoracion) values ('ksuckling6', 6, 3);
insert into valoracion (usuario, empresa, valoracion) values ('moelsj', 14, 4);
insert into valoracion (usuario, empresa, valoracion) values ('cmathes0', 13, 3);
insert into valoracion (usuario, empresa, valoracion) values ('mduxbarrya', 16, 3);
insert into valoracion (usuario, empresa, valoracion) values ('cdanielskyc', 13, 1);
insert into valoracion (usuario, empresa, valoracion) values ('dworboys5', 14, 4);
insert into valoracion (usuario, empresa, valoracion) values ('dworboys5', 1, 5);
insert into valoracion (usuario, empresa, valoracion) values ('aglastonburyb', 10, 4);
insert into valoracion (usuario, empresa, valoracion) values ('dbroker7', 7, 2);
insert into valoracion (usuario, empresa, valoracion) values ('deuston3', 1, 2);
insert into valoracion (usuario, empresa, valoracion) values ('cmcgeown9', 9, 4);
insert into valoracion (usuario, empresa, valoracion) values ('cmcgeown9', 11, 5);
insert into valoracion (usuario, empresa, valoracion) values ('rcortnayh', 11, 3);
insert into valoracion (usuario, empresa, valoracion) values ('acavanaughd', 3, 2);
insert into valoracion (usuario, empresa, valoracion) values ('dworboys5', 1, 4);
insert into valoracion (usuario, empresa, valoracion) values ('rcortnayh', 8, 1);
insert into valoracion (usuario, empresa, valoracion) values ('acavanaughd', 1, 3);
insert into valoracion (usuario, empresa, valoracion) values ('rcortnayh', 13, 5);
insert into valoracion (usuario, empresa, valoracion) values ('rcortnayh', 16, 2);
insert into valoracion (usuario, empresa, valoracion) values ('deuston3', 8, 2);
insert into valoracion (usuario, empresa, valoracion) values ('mduxbarrya', 5, 2);
insert into valoracion (usuario, empresa, valoracion) values ('cmcgeown9', 9, 4);
insert into valoracion (usuario, empresa, valoracion) values ('ehaycox8', 1, 3);
insert into valoracion (usuario, empresa, valoracion) values ('gadamowicz4', 11, 5);
insert into valoracion (usuario, empresa, valoracion) values ('acavanaughd', 2, 1);
insert into valoracion (usuario, empresa, valoracion) values ('deuston3', 4, 4);
insert into valoracion (usuario, empresa, valoracion) values ('moelsj', 2, 5);
insert into valoracion (usuario, empresa, valoracion) values ('eghiraldi1', 6, 2);
insert into valoracion (usuario, empresa, valoracion) values ('moelsj', 2, 2);
insert into valoracion (usuario, empresa, valoracion) values ('aglastonburyb', 14, 5);
insert into valoracion (usuario, empresa, valoracion) values ('gstonemane', 7, 2);
insert into valoracion (usuario, empresa, valoracion) values ('aoneali', 16, 3);
insert into valoracion (usuario, empresa, valoracion) values ('dworboys5', 9, 2);
insert into valoracion (usuario, empresa, valoracion) values ('aoneali', 6, 2);
insert into valoracion (usuario, empresa, valoracion) values ('cmcgeown9', 2, 3);
insert into valoracion (usuario, empresa, valoracion) values ('deuston3', 7, 4);
insert into valoracion (usuario, empresa, valoracion) values ('dworboys5', 14, 1);
insert into valoracion (usuario, empresa, valoracion) values ('gadamowicz4', 2, 5);
insert into valoracion (usuario, empresa, valoracion) values ('gstonemane', 9, 2);
insert into valoracion (usuario, empresa, valoracion) values ('gadamowicz4', 1, 5);
insert into valoracion (usuario, empresa, valoracion) values ('eghiraldi1', 4, 4);
insert into valoracion (usuario, empresa, valoracion) values ('cdanielskyc', 6, 5);
insert into valoracion (usuario, empresa, valoracion) values ('gadamowicz4', 8, 3);
insert into valoracion (usuario, empresa, valoracion) values ('deuston3', 4, 2);
insert into valoracion (usuario, empresa, valoracion) values ('ksuckling6', 11, 2);
insert into valoracion (usuario, empresa, valoracion) values ('cdanielskyc', 1, 1);
insert into valoracion (usuario, empresa, valoracion) values ('cespin2', 4, 2);
insert into valoracion (usuario, empresa, valoracion) values ('eghiraldi1', 1, 3);
insert into valoracion (usuario, empresa, valoracion) values ('ksuckling6', 3, 5);
insert into valoracion (usuario, empresa, valoracion) values ('rcortnayh', 2, 2);
insert into valoracion (usuario, empresa, valoracion) values ('moelsj', 1, 2);
insert into valoracion (usuario, empresa, valoracion) values ('cmcgeown9', 16, 2);
insert into valoracion (usuario, empresa, valoracion) values ('ehaycox8', 15, 4);
insert into valoracion (usuario, empresa, valoracion) values ('ksuckling6', 5, 5);
insert into valoracion (usuario, empresa, valoracion) values ('moelsj', 2, 1);
insert into valoracion (usuario, empresa, valoracion) values ('eghiraldi1', 2, 1);
insert into valoracion (usuario, empresa, valoracion) values ('cmcgeown9', 16, 5);
insert into valoracion (usuario, empresa, valoracion) values ('cmathes0', 14, 5);
insert into valoracion (usuario, empresa, valoracion) values ('moelsj', 10, 5);
insert into valoracion (usuario, empresa, valoracion) values ('ksuckling6', 14, 1);
