insert into empresa values
(
	null,
	'Empresa 1',
	'Representante 1',
	'Informatica',
	'Blablablablabal\nblablabla<br>asdasda',
	'17/37.39941/-6.03549',
	null,
	1
);

insert into empresa values
(
	null,
	'Empresa 2',
	'Representante 2',
	'Telecomunicaciones',
	'Blablablablabal\nblablabla<br>asdasda',
	'17/36.39941/-6.05549',
	null,
	1
);
insert into empresa values
(
	null,
	'Empresa 3',
	'Representante 3',
	'Gestoria',
	'Blablablablabal\nblablabla<br>asdasda',
	'17/37.39041/-6.53549',
	null,
	1
);
insert into empresa values
(
	null,
	'Empresa 4',
	'Representante 4',
	'Publicidad',
	'Blablablablabal\nblablabla<br>asdasda',
	'16/37.3031/-2.03549',
	null,
	1
);
insert into empresa values
(
	null,
	'Empresa 5',
	'Representante 5',
	'Sanidad',
	'Blablablablabal\nblablabla<br>asdasda',
	'14/37.39941/-6.03549',
	null,
	1
);
insert into empresa values
(
	null,
	'Empresa 6',
	'Representante 6',
	'Transportes',
	'Blablablablabal\nblablabla<br>asdasda',
	'17/40.39941/-1.03549',
	null,
	1
);
insert into empresa values
(
	null,
	'Empresa 7',
	'Representante 7',
	'Comercio',
	'Blablablablabal\nblablabla<br>asdasda',
	'17/37.39041/-6.03549',
	null,
	1
);
insert into empresa values
(
	null,
	'Empresa 8',
	'Representante 8',
	'Jardineria',
	'Blablablablabal\nblablabla<br>asdasda',
	'17/37.39941/-6.03549',
	null,
	1
);



insert into imagenes values (null,1,'1 - oeZC2K17cGJ4IZIRtAM45w.png');
insert into imagenes values (null,2,'edificio - empresa2.jpg');
insert into imagenes values (null,3,'56b6504105c5a.jpg');
insert into imagenes values (null,4,'166474.png');
insert into imagenes values (null,5,'439240.jpeg');
insert into imagenes values (null,6,'1696130.jpg');
insert into imagenes values (null,7,'21130159_ml.jpg');
insert into imagenes values (null,8,'93938348.jpg	');
insert into imagenes values (null,9,'deloitte_edificio_620x350.jpg');
insert into imagenes values (null,10,'1414507335_175641_1414507465_noticia_normal.jpg');
insert into imagenes values (null,11,'1436342982_179746_1436349126_noticia_normal.jpg');
insert into imagenes values (null,12,'8758771512_8240954c62.jpg');
insert into imagenes values (null,13,'14598769007897.jpg');
insert into imagenes values (null,14,'Albasanz-16-Exterior-01.png');
insert into imagenes values (null,15,'b3e1c28d4b0b522589caa965bdab4e94.jpg');
insert into imagenes values (null,16,'Captura-de-pantalla-2018-10-08-a-las-13.33.28.png');


insert into puesto values (10, 1, 'Health Coach II', null);
insert into puesto values (5, 2, 'General Manager', null);
insert into puesto values (11, 3, 'Research Associate', null);
insert into puesto values (5, 4, 'Paralegal', null);
insert into puesto values (3, 5, 'Office Assistant IV', null);
insert into puesto values (5, 6, 'Senior Quality Engineer', null);
insert into puesto values (7, 7, 'Senior Editor', null);
insert into puesto values (10, 8, 'Associate Professor', null);
insert into puesto values (2, 9, 'Legal Assistant', null);
insert into puesto values (5, 10, 'Help Desk Operator', null);
insert into puesto values (14, 11, 'Sales Representative', null);
insert into puesto values (10, 12, 'Research Associate', null);
insert into puesto values (4, 13, 'Social Worker', null);
insert into puesto values (1, 14, 'Safety Technician III', null);
insert into puesto values (10, 15, 'Librarian', null);
insert into puesto values (1, 16, 'Analyst Programmer', null);
insert into puesto values (12, 17, 'Physical Therapy Assistant', null);
insert into puesto values (1, 18, 'Graphic Designer', null);
insert into puesto values (12, 19, 'Associate Professor', null);
insert into puesto values (10, 20, 'Web Developer I', null);
insert into puesto values (3, 21, 'Occupational Therapist', null);
insert into puesto values (6, 22, 'Chief Design Engineer', null);
insert into puesto values (1, 23, 'Financial Advisor', null);
insert into puesto values (3, 24, 'Executive Secretary', null);
insert into puesto values (16, 25, 'Registered Nurse', null);
insert into puesto values (8, 26, 'Structural Analysis Engineer', null);
insert into puesto values (9, 27, 'Technical Writer', null);
insert into puesto values (9, 28, 'Social Worker', null);
insert into puesto values (3, 29, 'Automation Specialist III', null);
insert into puesto values (14, 30, 'Editor', null);
insert into puesto values (6, 31, 'Systems Administrator I', null);
insert into puesto values (10, 32, 'Human Resources Manager', null);
insert into puesto values (9, 33, 'Desktop Support Technician', null);
insert into puesto values (1, 34, 'Senior Quality Engineer', null);
insert into puesto values (12, 35, 'Account Representative I', null);
insert into puesto values (1, 36, 'Software Consultant', null);
insert into puesto values (3, 37, 'Programmer Analyst I', null);
insert into puesto values (11, 38, 'Structural Engineer', null);
insert into puesto values (1, 39, 'Programmer I', null);
insert into puesto values (7, 40, 'Nuclear Power Engineer', null);
insert into puesto values (2, 41, 'VP Quality Control', null);
insert into puesto values (3, 42, 'Research Assistant I', null);
insert into puesto values (16, 43, 'Account Executive', null);
insert into puesto values (5, 44, 'Civil Engineer', null);
insert into puesto values (2, 45, 'Environmental Specialist', null);
insert into puesto values (5, 46, 'Staff Scientist', null);
insert into puesto values (16, 47, 'Assistant Media Planner', null);
insert into puesto values (13, 48, 'Systems Administrator II', null);
insert into puesto values (5, 49, 'Paralegal', null);
insert into puesto values (11, 50, 'Director of Sales', null);


insert into requisito (empresa, puesto, id, descripcion) values (9, 10, 1, null);
insert into requisito (empresa, puesto, id, descripcion) values (4, 26, 2, null);
insert into requisito (empresa, puesto, id, descripcion) values (6, 21, 3, null);
insert into requisito (empresa, puesto, id, descripcion) values (11, 26, 4, null);
insert into requisito (empresa, puesto, id, descripcion) values (5, 26, 5, null);
insert into requisito (empresa, puesto, id, descripcion) values (3, 26, 6, null);
insert into requisito (empresa, puesto, id, descripcion) values (8, 49, 7, null);
insert into requisito (empresa, puesto, id, descripcion) values (5, 26, 8, null);
insert into requisito (empresa, puesto, id, descripcion) values (7, 24, 9, null);
insert into requisito (empresa, puesto, id, descripcion) values (4, 26, 10, null);
insert into requisito (empresa, puesto, id, descripcion) values (3, 24, 11, null);
insert into requisito (empresa, puesto, id, descripcion) values (5, 15, 12, null);
insert into requisito (empresa, puesto, id, descripcion) values (9, 27, 13, null);
insert into requisito (empresa, puesto, id, descripcion) values (10, 49, 14, null);
insert into requisito (empresa, puesto, id, descripcion) values (5, 44, 15, null);
insert into requisito (empresa, puesto, id, descripcion) values (9, 24, 16, null);
insert into requisito (empresa, puesto, id, descripcion) values (4, 8, 17, null);
insert into requisito (empresa, puesto, id, descripcion) values (3, 12, 18, null);
insert into requisito (empresa, puesto, id, descripcion) values (5, 40, 19, null);
insert into requisito (empresa, puesto, id, descripcion) values (10, 10, 20, null);
insert into requisito (empresa, puesto, id, descripcion) values (7, 31, 21, null);
insert into requisito (empresa, puesto, id, descripcion) values (8, 27, 22, null);
insert into requisito (empresa, puesto, id, descripcion) values (5, 2, 23, null);
insert into requisito (empresa, puesto, id, descripcion) values (9, 6, 24, null);
insert into requisito (empresa, puesto, id, descripcion) values (9, 32, 25, null);
insert into requisito (empresa, puesto, id, descripcion) values (3, 15, 26, null);
insert into requisito (empresa, puesto, id, descripcion) values (8, 12, 27, null);
insert into requisito (empresa, puesto, id, descripcion) values (11, 37, 28, null);
insert into requisito (empresa, puesto, id, descripcion) values (3, 42, 29, null);
insert into requisito (empresa, puesto, id, descripcion) values (7, 46, 30, null);
insert into requisito (empresa, puesto, id, descripcion) values (8, 8, 31, null);
insert into requisito (empresa, puesto, id, descripcion) values (3, 49, 32, null);
insert into requisito (empresa, puesto, id, descripcion) values (10, 15, 33, null);
insert into requisito (empresa, puesto, id, descripcion) values (7, 15, 34, null);
insert into requisito (empresa, puesto, id, descripcion) values (10, 40, 35, null);
insert into requisito (empresa, puesto, id, descripcion) values (6, 4, 36, null);
insert into requisito (empresa, puesto, id, descripcion) values (9, 12, 37, null);
insert into requisito (empresa, puesto, id, descripcion) values (9, 13, 38, null);
insert into requisito (empresa, puesto, id, descripcion) values (10, 2, 39, null);
insert into requisito (empresa, puesto, id, descripcion) values (7, 20, 40, null);
insert into requisito (empresa, puesto, id, descripcion) values (11, 2, 41, null);
insert into requisito (empresa, puesto, id, descripcion) values (5, 27, 42, null);
insert into requisito (empresa, puesto, id, descripcion) values (4, 37, 43, null);
insert into requisito (empresa, puesto, id, descripcion) values (4, 49, 44, null);
insert into requisito (empresa, puesto, id, descripcion) values (5, 26, 45, null);
insert into requisito (empresa, puesto, id, descripcion) values (11, 37, 46, null);
insert into requisito (empresa, puesto, id, descripcion) values (5, 42, 47, null);
insert into requisito (empresa, puesto, id, descripcion) values (7, 32, 48, null);
insert into requisito (empresa, puesto, id, descripcion) values (8, 10, 49, null);
insert into requisito (empresa, puesto, id, descripcion) values (7, 13, 50, null);
insert into requisito (empresa, puesto, id, descripcion) values (4, 40, 51, null);
insert into requisito (empresa, puesto, id, descripcion) values (10, 27, 52, null);
insert into requisito (empresa, puesto, id, descripcion) values (8, 42, 53, null);
insert into requisito (empresa, puesto, id, descripcion) values (10, 22, 54, null);
insert into requisito (empresa, puesto, id, descripcion) values (5, 37, 55, null);
insert into requisito (empresa, puesto, id, descripcion) values (5, 24, 56, null);
insert into requisito (empresa, puesto, id, descripcion) values (4, 20, 57, null);
insert into requisito (empresa, puesto, id, descripcion) values (8, 7, 58, null);
insert into requisito (empresa, puesto, id, descripcion) values (3, 12, 59, null);
insert into requisito (empresa, puesto, id, descripcion) values (11, 46, 60, null);
insert into requisito (empresa, puesto, id, descripcion) values (11, 40, 61, null);
insert into requisito (empresa, puesto, id, descripcion) values (4, 37, 62, null);
insert into requisito (empresa, puesto, id, descripcion) values (11, 10, 63, null);
insert into requisito (empresa, puesto, id, descripcion) values (6, 13, 64, null);
insert into requisito (empresa, puesto, id, descripcion) values (10, 40, 65, null);
insert into requisito (empresa, puesto, id, descripcion) values (3, 42, 66, null);
insert into requisito (empresa, puesto, id, descripcion) values (4, 37, 67, null);
insert into requisito (empresa, puesto, id, descripcion) values (5, 10, 68, null);
insert into requisito (empresa, puesto, id, descripcion) values (10, 22, 69, null);
insert into requisito (empresa, puesto, id, descripcion) values (3, 27, 70, null);
insert into requisito (empresa, puesto, id, descripcion) values (8, 44, 71, null);
insert into requisito (empresa, puesto, id, descripcion) values (7, 22, 72, null);
insert into requisito (empresa, puesto, id, descripcion) values (4, 1, 73, null);
insert into requisito (empresa, puesto, id, descripcion) values (7, 7, 74, null);
insert into requisito (empresa, puesto, id, descripcion) values (3, 29, 75, null);
insert into requisito (empresa, puesto, id, descripcion) values (7, 27, 76, null);
insert into requisito (empresa, puesto, id, descripcion) values (8, 28, 77, null);
insert into requisito (empresa, puesto, id, descripcion) values (8, 1, 78, null);
insert into requisito (empresa, puesto, id, descripcion) values (9, 10, 79, null);
insert into requisito (empresa, puesto, id, descripcion) values (4, 27, 80, null);
insert into requisito (empresa, puesto, id, descripcion) values (3, 42, 81, null);
insert into requisito (empresa, puesto, id, descripcion) values (6, 10, 82, null);
insert into requisito (empresa, puesto, id, descripcion) values (7, 4, 83, null);
insert into requisito (empresa, puesto, id, descripcion) values (9, 8, 84, null);
insert into requisito (empresa, puesto, id, descripcion) values (5, 46, 85, null);
insert into requisito (empresa, puesto, id, descripcion) values (8, 28, 86, null);
insert into requisito (empresa, puesto, id, descripcion) values (4, 49, 87, null);
insert into requisito (empresa, puesto, id, descripcion) values (8, 22, 88, null);
insert into requisito (empresa, puesto, id, descripcion) values (3, 6, 89, null);
insert into requisito (empresa, puesto, id, descripcion) values (11, 33, 90, null);
insert into requisito (empresa, puesto, id, descripcion) values (8, 15, 91, null);
insert into requisito (empresa, puesto, id, descripcion) values (8, 49, 92, null);
insert into requisito (empresa, puesto, id, descripcion) values (11, 20, 93, null);
insert into requisito (empresa, puesto, id, descripcion) values (8, 2, 94, null);
insert into requisito (empresa, puesto, id, descripcion) values (4, 21, 95, null);
insert into requisito (empresa, puesto, id, descripcion) values (7, 42, 96, null);
insert into requisito (empresa, puesto, id, descripcion) values (4, 42, 97, null);
insert into requisito (empresa, puesto, id, descripcion) values (10, 27, 98, null);
insert into requisito (empresa, puesto, id, descripcion) values (6, 46, 99, null);
insert into requisito (empresa, puesto, id, descripcion) values (6, 28, 100, null);
insert into requisito (empresa, puesto, id, descripcion) values (10, 26, 101, null);
insert into requisito (empresa, puesto, id, descripcion) values (8, 12, 102, null);
insert into requisito (empresa, puesto, id, descripcion) values (9, 31, 103, null);
insert into requisito (empresa, puesto, id, descripcion) values (10, 10, 104, null);
insert into requisito (empresa, puesto, id, descripcion) values (9, 1, 105, null);
insert into requisito (empresa, puesto, id, descripcion) values (3, 46, 106, null);
insert into requisito (empresa, puesto, id, descripcion) values (8, 2, 107, null);
insert into requisito (empresa, puesto, id, descripcion) values (3, 13, 108, null);
insert into requisito (empresa, puesto, id, descripcion) values (6, 22, 109, null);
insert into requisito (empresa, puesto, id, descripcion) values (3, 20, 110, null);
insert into requisito (empresa, puesto, id, descripcion) values (9, 32, 111, null);
insert into requisito (empresa, puesto, id, descripcion) values (6, 26, 112, null);
insert into requisito (empresa, puesto, id, descripcion) values (9, 7, 113, null);
insert into requisito (empresa, puesto, id, descripcion) values (5, 21, 114, null);
insert into requisito (empresa, puesto, id, descripcion) values (4, 10, 115, null);
insert into requisito (empresa, puesto, id, descripcion) values (9, 2, 116, null);
insert into requisito (empresa, puesto, id, descripcion) values (9, 42, 117, null);
insert into requisito (empresa, puesto, id, descripcion) values (5, 20, 118, null);
insert into requisito (empresa, puesto, id, descripcion) values (4, 26, 119, null);
insert into requisito (empresa, puesto, id, descripcion) values (3, 37, 120, null);
insert into requisito (empresa, puesto, id, descripcion) values (11, 8, 121, null);
insert into requisito (empresa, puesto, id, descripcion) values (4, 49, 122, null);
insert into requisito (empresa, puesto, id, descripcion) values (10, 6, 123, null);
insert into requisito (empresa, puesto, id, descripcion) values (9, 49, 124, null);
insert into requisito (empresa, puesto, id, descripcion) values (6, 13, 125, null);
insert into requisito (empresa, puesto, id, descripcion) values (9, 15, 126, null);
insert into requisito (empresa, puesto, id, descripcion) values (11, 44, 127, null);
insert into requisito (empresa, puesto, id, descripcion) values (9, 8, 128, null);
insert into requisito (empresa, puesto, id, descripcion) values (3, 15, 129, null);
insert into requisito (empresa, puesto, id, descripcion) values (10, 20, 130, null);
insert into requisito (empresa, puesto, id, descripcion) values (3, 22, 131, null);
insert into requisito (empresa, puesto, id, descripcion) values (4, 24, 132, null);
insert into requisito (empresa, puesto, id, descripcion) values (8, 6, 133, null);
insert into requisito (empresa, puesto, id, descripcion) values (5, 46, 134, null);
insert into requisito (empresa, puesto, id, descripcion) values (8, 29, 135, null);
insert into requisito (empresa, puesto, id, descripcion) values (10, 21, 136, null);
insert into requisito (empresa, puesto, id, descripcion) values (7, 8, 137, null);
insert into requisito (empresa, puesto, id, descripcion) values (9, 15, 138, null);
insert into requisito (empresa, puesto, id, descripcion) values (4, 26, 139, null);
insert into requisito (empresa, puesto, id, descripcion) values (3, 27, 140, null);
insert into requisito (empresa, puesto, id, descripcion) values (10, 1, 141, null);
insert into requisito (empresa, puesto, id, descripcion) values (6, 28, 142, null);
insert into requisito (empresa, puesto, id, descripcion) values (4, 21, 143, null);
insert into requisito (empresa, puesto, id, descripcion) values (5, 22, 144, null);
insert into requisito (empresa, puesto, id, descripcion) values (8, 29, 145, null);
insert into requisito (empresa, puesto, id, descripcion) values (3, 46, 146, null);
insert into requisito (empresa, puesto, id, descripcion) values (11, 15, 147, null);
insert into requisito (empresa, puesto, id, descripcion) values (7, 24, 148, null);
insert into requisito (empresa, puesto, id, descripcion) values (5, 28, 149, null);
insert into requisito (empresa, puesto, id, descripcion) values (8, 46, 150, null);
insert into requisito (empresa, puesto, id, descripcion) values (10, 22, 151, null);
insert into requisito (empresa, puesto, id, descripcion) values (11, 4, 152, null);
insert into requisito (empresa, puesto, id, descripcion) values (3, 13, 153, null);
insert into requisito (empresa, puesto, id, descripcion) values (11, 8, 154, null);
insert into requisito (empresa, puesto, id, descripcion) values (4, 6, 155, null);
insert into requisito (empresa, puesto, id, descripcion) values (9, 42, 156, null);
insert into requisito (empresa, puesto, id, descripcion) values (9, 44, 157, null);
insert into requisito (empresa, puesto, id, descripcion) values (9, 13, 158, null);
insert into requisito (empresa, puesto, id, descripcion) values (9, 4, 159, null);
insert into requisito (empresa, puesto, id, descripcion) values (6, 4, 160, null);
insert into requisito (empresa, puesto, id, descripcion) values (6, 4, 161, null);
insert into requisito (empresa, puesto, id, descripcion) values (11, 20, 162, null);
insert into requisito (empresa, puesto, id, descripcion) values (10, 10, 163, null);
insert into requisito (empresa, puesto, id, descripcion) values (4, 27, 164, null);
insert into requisito (empresa, puesto, id, descripcion) values (4, 27, 165, null);
insert into requisito (empresa, puesto, id, descripcion) values (9, 40, 166, null);
insert into requisito (empresa, puesto, id, descripcion) values (6, 22, 167, null);
insert into requisito (empresa, puesto, id, descripcion) values (8, 32, 168, null);
insert into requisito (empresa, puesto, id, descripcion) values (9, 12, 169, null);
insert into requisito (empresa, puesto, id, descripcion) values (8, 10, 170, null);
insert into requisito (empresa, puesto, id, descripcion) values (8, 13, 171, null);
insert into requisito (empresa, puesto, id, descripcion) values (3, 12, 172, null);
insert into requisito (empresa, puesto, id, descripcion) values (7, 7, 173, null);
insert into requisito (empresa, puesto, id, descripcion) values (4, 15, 174, null);
insert into requisito (empresa, puesto, id, descripcion) values (3, 33, 175, null);
insert into requisito (empresa, puesto, id, descripcion) values (5, 2, 176, null);
insert into requisito (empresa, puesto, id, descripcion) values (6, 13, 177, null);
insert into requisito (empresa, puesto, id, descripcion) values (11, 42, 178, null);
insert into requisito (empresa, puesto, id, descripcion) values (6, 28, 179, null);
insert into requisito (empresa, puesto, id, descripcion) values (4, 2, 180, null);
insert into requisito (empresa, puesto, id, descripcion) values (9, 13, 181, null);
insert into requisito (empresa, puesto, id, descripcion) values (5, 28, 182, null);
insert into requisito (empresa, puesto, id, descripcion) values (4, 7, 183, null);
insert into requisito (empresa, puesto, id, descripcion) values (3, 26, 184, null);
insert into requisito (empresa, puesto, id, descripcion) values (4, 42, 185, null);
insert into requisito (empresa, puesto, id, descripcion) values (8, 20, 186, null);
insert into requisito (empresa, puesto, id, descripcion) values (8, 10, 187, null);
insert into requisito (empresa, puesto, id, descripcion) values (10, 46, 188, null);
insert into requisito (empresa, puesto, id, descripcion) values (9, 12, 189, null);
insert into requisito (empresa, puesto, id, descripcion) values (8, 32, 190, null);
insert into requisito (empresa, puesto, id, descripcion) values (8, 10, 191, null);
insert into requisito (empresa, puesto, id, descripcion) values (5, 4, 192, null);
insert into requisito (empresa, puesto, id, descripcion) values (8, 10, 193, null);
insert into requisito (empresa, puesto, id, descripcion) values (3, 44, 194, null);
insert into requisito (empresa, puesto, id, descripcion) values (11, 13, 195, null);
insert into requisito (empresa, puesto, id, descripcion) values (11, 21, 196, null);
insert into requisito (empresa, puesto, id, descripcion) values (6, 7, 197, null);
insert into requisito (empresa, puesto, id, descripcion) values (6, 6, 198, null);
insert into requisito (empresa, puesto, id, descripcion) values (11, 26, 199, null);
insert into requisito (empresa, puesto, id, descripcion) values (7, 4, 200, null);
insert into requisito (empresa, puesto, id, descripcion) values (11, 37, 201, null);
insert into requisito (empresa, puesto, id, descripcion) values (4, 37, 202, null);
insert into requisito (empresa, puesto, id, descripcion) values (11, 13, 203, null);
insert into requisito (empresa, puesto, id, descripcion) values (3, 44, 204, null);
insert into requisito (empresa, puesto, id, descripcion) values (11, 42, 205, null);
insert into requisito (empresa, puesto, id, descripcion) values (11, 1, 206, null);
insert into requisito (empresa, puesto, id, descripcion) values (4, 29, 207, null);
insert into requisito (empresa, puesto, id, descripcion) values (3, 26, 208, null);
insert into requisito (empresa, puesto, id, descripcion) values (8, 8, 209, null);
insert into requisito (empresa, puesto, id, descripcion) values (3, 28, 210, null);
insert into requisito (empresa, puesto, id, descripcion) values (9, 31, 211, null);
insert into requisito (empresa, puesto, id, descripcion) values (10, 4, 212, null);
insert into requisito (empresa, puesto, id, descripcion) values (8, 49, 213, null);
insert into requisito (empresa, puesto, id, descripcion) values (11, 49, 214, null);
insert into requisito (empresa, puesto, id, descripcion) values (7, 7, 215, null);
insert into requisito (empresa, puesto, id, descripcion) values (4, 21, 216, null);
insert into requisito (empresa, puesto, id, descripcion) values (7, 42, 217, null);
insert into requisito (empresa, puesto, id, descripcion) values (9, 10, 218, null);
insert into requisito (empresa, puesto, id, descripcion) values (9, 2, 219, null);
insert into requisito (empresa, puesto, id, descripcion) values (10, 26, 220, null);
insert into requisito (empresa, puesto, id, descripcion) values (7, 29, 221, null);
insert into requisito (empresa, puesto, id, descripcion) values (3, 28, 222, null);
insert into requisito (empresa, puesto, id, descripcion) values (5, 12, 223, null);
insert into requisito (empresa, puesto, id, descripcion) values (6, 44, 224, null);
insert into requisito (empresa, puesto, id, descripcion) values (11, 24, 225, null);
insert into requisito (empresa, puesto, id, descripcion) values (5, 13, 226, null);
insert into requisito (empresa, puesto, id, descripcion) values (4, 6, 227, null);
insert into requisito (empresa, puesto, id, descripcion) values (6, 12, 228, null);
insert into requisito (empresa, puesto, id, descripcion) values (4, 21, 229, null);
insert into requisito (empresa, puesto, id, descripcion) values (9, 42, 230, null);
insert into requisito (empresa, puesto, id, descripcion) values (6, 15, 231, null);
insert into requisito (empresa, puesto, id, descripcion) values (3, 24, 232, null);
insert into requisito (empresa, puesto, id, descripcion) values (10, 10, 233, null);
insert into requisito (empresa, puesto, id, descripcion) values (7, 37, 234, null);
insert into requisito (empresa, puesto, id, descripcion) values (8, 28, 235, null);
insert into requisito (empresa, puesto, id, descripcion) values (4, 46, 236, null);
insert into requisito (empresa, puesto, id, descripcion) values (3, 4, 237, null);
insert into requisito (empresa, puesto, id, descripcion) values (10, 44, 238, null);
insert into requisito (empresa, puesto, id, descripcion) values (6, 42, 239, null);
insert into requisito (empresa, puesto, id, descripcion) values (5, 12, 240, null);
insert into requisito (empresa, puesto, id, descripcion) values (6, 31, 241, null);
insert into requisito (empresa, puesto, id, descripcion) values (8, 49, 242, null);
insert into requisito (empresa, puesto, id, descripcion) values (5, 13, 243, null);
insert into requisito (empresa, puesto, id, descripcion) values (7, 46, 244, null);
insert into requisito (empresa, puesto, id, descripcion) values (8, 21, 245, null);
insert into requisito (empresa, puesto, id, descripcion) values (5, 1, 246, null);
insert into requisito (empresa, puesto, id, descripcion) values (3, 29, 247, null);
insert into requisito (empresa, puesto, id, descripcion) values (6, 46, 248, null);
insert into requisito (empresa, puesto, id, descripcion) values (9, 31, 249, null);
insert into requisito (empresa, puesto, id, descripcion) values (4, 46, 250, null);
insert into requisito (empresa, puesto, id, descripcion) values (5, 21, 251, null);
insert into requisito (empresa, puesto, id, descripcion) values (9, 42, 252, null);
insert into requisito (empresa, puesto, id, descripcion) values (10, 13, 253, null);
insert into requisito (empresa, puesto, id, descripcion) values (10, 4, 254, null);
insert into requisito (empresa, puesto, id, descripcion) values (10, 33, 255, null);
insert into requisito (empresa, puesto, id, descripcion) values (5, 15, 256, null);
insert into requisito (empresa, puesto, id, descripcion) values (11, 10, 257, null);
insert into requisito (empresa, puesto, id, descripcion) values (6, 26, 258, null);
insert into requisito (empresa, puesto, id, descripcion) values (5, 31, 259, null);
insert into requisito (empresa, puesto, id, descripcion) values (9, 37, 260, null);
insert into requisito (empresa, puesto, id, descripcion) values (4, 2, 261, null);
insert into requisito (empresa, puesto, id, descripcion) values (8, 46, 262, null);
insert into requisito (empresa, puesto, id, descripcion) values (6, 44, 263, null);
insert into requisito (empresa, puesto, id, descripcion) values (4, 29, 264, null);
insert into requisito (empresa, puesto, id, descripcion) values (6, 28, 265, null);
insert into requisito (empresa, puesto, id, descripcion) values (7, 40, 266, null);
insert into requisito (empresa, puesto, id, descripcion) values (7, 12, 267, null);
insert into requisito (empresa, puesto, id, descripcion) values (3, 28, 268, null);
insert into requisito (empresa, puesto, id, descripcion) values (9, 2, 269, null);
insert into requisito (empresa, puesto, id, descripcion) values (8, 37, 270, null);
insert into requisito (empresa, puesto, id, descripcion) values (4, 32, 271, null);
insert into requisito (empresa, puesto, id, descripcion) values (6, 8, 272, null);
insert into requisito (empresa, puesto, id, descripcion) values (3, 37, 273, null);
insert into requisito (empresa, puesto, id, descripcion) values (11, 28, 274, null);
insert into requisito (empresa, puesto, id, descripcion) values (7, 21, 275, null);
insert into requisito (empresa, puesto, id, descripcion) values (8, 12, 276, null);
insert into requisito (empresa, puesto, id, descripcion) values (7, 26, 277, null);
insert into requisito (empresa, puesto, id, descripcion) values (4, 12, 278, null);
insert into requisito (empresa, puesto, id, descripcion) values (11, 33, 279, null);
insert into requisito (empresa, puesto, id, descripcion) values (4, 44, 280, null);
insert into requisito (empresa, puesto, id, descripcion) values (5, 37, 281, null);
insert into requisito (empresa, puesto, id, descripcion) values (4, 28, 282, null);
insert into requisito (empresa, puesto, id, descripcion) values (8, 24, 283, null);
insert into requisito (empresa, puesto, id, descripcion) values (3, 40, 284, null);
insert into requisito (empresa, puesto, id, descripcion) values (3, 10, 285, null);
insert into requisito (empresa, puesto, id, descripcion) values (5, 37, 286, null);
insert into requisito (empresa, puesto, id, descripcion) values (8, 1, 287, null);
insert into requisito (empresa, puesto, id, descripcion) values (6, 29, 288, null);
insert into requisito (empresa, puesto, id, descripcion) values (10, 28, 289, null);
insert into requisito (empresa, puesto, id, descripcion) values (11, 21, 290, null);
insert into requisito (empresa, puesto, id, descripcion) values (5, 44, 291, null);
insert into requisito (empresa, puesto, id, descripcion) values (4, 40, 292, null);
insert into requisito (empresa, puesto, id, descripcion) values (9, 1, 293, null);
insert into requisito (empresa, puesto, id, descripcion) values (10, 49, 294, null);
insert into requisito (empresa, puesto, id, descripcion) values (8, 24, 295, null);
insert into requisito (empresa, puesto, id, descripcion) values (8, 31, 296, null);
insert into requisito (empresa, puesto, id, descripcion) values (6, 44, 297, null);
insert into requisito (empresa, puesto, id, descripcion) values (11, 6, 298, null);
insert into requisito (empresa, puesto, id, descripcion) values (7, 4, 299, null);
insert into requisito (empresa, puesto, id, descripcion) values (8, 37, 300, null);


insert into usuarios (id, nombre, apellidos, pass, cuentaactiva, rol, fechanacimiento, correoelectronico) values ('cmathes0', 'Cathy', 'Mathes', 'b5Wfkblmvb', 1, 'Profesor', '1999-01-08 23:58:16', 'cmathes0@cpanel.net');
insert into usuarios (id, nombre, apellidos, pass, cuentaactiva, rol, fechanacimiento, correoelectronico) values ('eghiraldi1', 'Emmalynn', 'Ghiraldi', 'r3dN6LRf6pc', 1, 'Estudiante', '1961-02-20 22:53:49', 'eghiraldi1@prweb.com');
insert into usuarios (id, nombre, apellidos, pass, cuentaactiva, rol, fechanacimiento, correoelectronico) values ('cespin2', 'Colleen', 'Espin', 'XJuVFL6w', 1, 'Estudiante', '1966-03-08 14:55:18', 'cespin2@newsvine.com');
insert into usuarios (id, nombre, apellidos, pass, cuentaactiva, rol, fechanacimiento, correoelectronico) values ('deuston3', 'Danella', 'Euston', 'BhZ66osDFS9j', 1, 'Estudiante', '1995-04-24 20:36:21', 'deuston3@guardian.co.uk');
insert into usuarios (id, nombre, apellidos, pass, cuentaactiva, rol, fechanacimiento, correoelectronico) values ('gadamowicz4', 'Gwendolyn', 'Adamowicz', 'VgtsqY3DxYW', 1, 'Estudiante', '2010-06-28 13:35:28', 'gadamowicz4@bluehost.com');
insert into usuarios (id, nombre, apellidos, pass, cuentaactiva, rol, fechanacimiento, correoelectronico) values ('dworboys5', 'Darrin', 'Worboys', 'gabaufi', 1, 'Estudiante', '1997-05-27 21:55:04', 'dworboys5@vk.com');
insert into usuarios (id, nombre, apellidos, pass, cuentaactiva, rol, fechanacimiento, correoelectronico) values ('ksuckling6', 'Kip', 'Suckling', 'InDJGA5Y', 0, 'Estudiante', '1983-01-01 05:53:52', 'ksuckling6@blog.com');
insert into usuarios (id, nombre, apellidos, pass, cuentaactiva, rol, fechanacimiento, correoelectronico) values ('dbroker7', 'Dennie', 'Broker', 'zwY6QWK', 0, 'Estudiante', '2003-07-25 02:44:22', 'dbroker7@amazonaws.com');
insert into usuarios (id, nombre, apellidos, pass, cuentaactiva, rol, fechanacimiento, correoelectronico) values ('ehaycox8', 'Ebenezer', 'Haycox', 'ew2HBHcbPas', 0, 'Estudiante', '1998-11-21 09:03:14', 'ehaycox8@baidu.com');
insert into usuarios (id, nombre, apellidos, pass, cuentaactiva, rol, fechanacimiento, correoelectronico) values ('cmcgeown9', 'Carmon', 'McGeown', 'eeNYBHSPi', 1, 'Estudiante', '1999-04-27 19:11:21', 'cmcgeown9@mapy.cz');
insert into usuarios (id, nombre, apellidos, pass, cuentaactiva, rol, fechanacimiento, correoelectronico) values ('mduxbarrya', 'Marketa', 'Duxbarry', 'SMghN7gTdlWT', 0, 'Estudiante', '1983-04-13 16:58:43', 'mduxbarrya@chicagotribune.com');
insert into usuarios (id, nombre, apellidos, pass, cuentaactiva, rol, fechanacimiento, correoelectronico) values ('aglastonburyb', 'Annabelle', 'Glastonbury', 'nsjs77EzHj8j', 1, 'Estudiante', '1963-09-05 13:56:21', 'aglastonburyb@ezinearticles.com');
insert into usuarios (id, nombre, apellidos, pass, cuentaactiva, rol, fechanacimiento, correoelectronico) values ('cdanielskyc', 'Clementina', 'Danielsky', 'ywSfgXU', 0, 'Estudiante', '1971-08-02 02:49:41', 'cdanielskyc@soundcloud.com');
insert into usuarios (id, nombre, apellidos, pass, cuentaactiva, rol, fechanacimiento, correoelectronico) values ('acavanaughd', 'Abby', 'Cavanaugh', 'MdEMCZ', 0, 'Estudiante', '1986-03-30 20:26:33', 'acavanaughd@ezinearticles.com');
insert into usuarios (id, nombre, apellidos, pass, cuentaactiva, rol, fechanacimiento, correoelectronico) values ('gstonemane', 'Genni', 'Stoneman', 'e0a6ry', 0, 'Estudiante', '1987-02-10 18:54:34', 'gstonemane@simplemachines.org');
insert into usuarios (id, nombre, apellidos, pass, cuentaactiva, rol, fechanacimiento, correoelectronico) values ('pwallsworthf', 'Petrina', 'Wallsworth', 'd2Dof7', 0, 'Estudiante', '1972-03-14 13:12:48', 'pwallsworthf@networksolutions.com');
insert into usuarios (id, nombre, apellidos, pass, cuentaactiva, rol, fechanacimiento, correoelectronico) values ('bdenmang', 'Brod', 'Denman', 'LmJYeD', 0, 'Estudiante', '1998-09-20 15:51:54', 'bdenmang@patch.com');
insert into usuarios (id, nombre, apellidos, pass, cuentaactiva, rol, fechanacimiento, correoelectronico) values ('rcortnayh', 'Reece', 'Cortnay', '4eel1x', 0, 'Estudiante', '1969-05-30 17:28:20', 'rcortnayh@domainmarket.com');
insert into usuarios (id, nombre, apellidos, pass, cuentaactiva, rol, fechanacimiento, correoelectronico) values ('aoneali', 'Arthur', 'Oneal', 'DCGUTBKew', 1, 'Estudiante', '1965-07-18 16:18:05', 'aoneali@paginegialle.it');
insert into usuarios (id, nombre, apellidos, pass, cuentaactiva, rol, fechanacimiento, correoelectronico) values ('moelsj', 'Muire', 'Oels', '2jQgFt87Zk', 1, 'Estudiante', '1996-07-19 19:51:25', 'moelsj@pcworld.com');

insert into opinion (usuario, empresa, certificado, opinionprofesor) values ('cmathes0', 16, 0, '');
insert into opinion (usuario, empresa, certificado, opinionprofesor) values ('dworboys5', 7, 0, '');
insert into opinion (usuario, empresa, certificado, opinionprofesor) values ('gstonemane', 11, 0, '');
insert into opinion (usuario, empresa, certificado, opinionprofesor) values ('dbroker7', 16, 0, '');
insert into opinion (usuario, empresa, certificado, opinionprofesor) values ('cmcgeown9', 6, 0, '');
insert into opinion (usuario, empresa, certificado, opinionprofesor) values ('acavanaughd', 16, 0, '');
insert into opinion (usuario, empresa, certificado, opinionprofesor) values ('aglastonburyb', 8, 0, '');
insert into opinion (usuario, empresa, certificado, opinionprofesor) values ('rcortnayh', 9, 0, '');
insert into opinion (usuario, empresa, certificado, opinionprofesor) values ('eghiraldi1', 13, 0, '');
insert into opinion (usuario, empresa, certificado, opinionprofesor) values ('cmcgeown9', 13, 0, '');
insert into opinion (usuario, empresa, certificado, opinionprofesor) values ('cmcgeown9', 14, 0, '');
insert into opinion (usuario, empresa, certificado, opinionprofesor) values ('aglastonburyb', 8, 0, '');
insert into opinion (usuario, empresa, certificado, opinionprofesor) values ('bdenmang', 10, 0, '');
insert into opinion (usuario, empresa, certificado, opinionprofesor) values ('cespin2', 3, 0, '');
insert into opinion (usuario, empresa, certificado, opinionprofesor) values ('mduxbarrya', 13, 0, '');
insert into opinion (usuario, empresa, certificado, opinionprofesor) values ('ehaycox8', 7, 0, '');
insert into opinion (usuario, empresa, certificado, opinionprofesor) values ('mduxbarrya', 2, 0, '');
insert into opinion (usuario, empresa, certificado, opinionprofesor) values ('rcortnayh', 9, 0, '');
insert into opinion (usuario, empresa, certificado, opinionprofesor) values ('cmathes0', 3, 0, '');
insert into opinion (usuario, empresa, certificado, opinionprofesor) values ('eghiraldi1', 8, 0, '');
insert into opinion (usuario, empresa, certificado, opinionprofesor) values ('cdanielskyc', 7, 0, '');
insert into opinion (usuario, empresa, certificado, opinionprofesor) values ('bdenmang', 6, 0, '');
insert into opinion (usuario, empresa, certificado, opinionprofesor) values ('rcortnayh', 3, 0, '');
insert into opinion (usuario, empresa, certificado, opinionprofesor) values ('gadamowicz4', 6, 0, '');
insert into opinion (usuario, empresa, certificado, opinionprofesor) values ('ksuckling6', 10, 0, '');
insert into opinion (usuario, empresa, certificado, opinionprofesor) values ('rcortnayh', 9, 0, '');
insert into opinion (usuario, empresa, certificado, opinionprofesor) values ('aoneali', 8, 0, '');
insert into opinion (usuario, empresa, certificado, opinionprofesor) values ('gstonemane', 9, 0, '');
insert into opinion (usuario, empresa, certificado, opinionprofesor) values ('aoneali', 9, 0, '');
insert into opinion (usuario, empresa, certificado, opinionprofesor) values ('cmathes0', 15, 0, '');
insert into opinion (usuario, empresa, certificado, opinionprofesor) values ('cdanielskyc', 5, 0, '');
insert into opinion (usuario, empresa, certificado, opinionprofesor) values ('rcortnayh', 14, 0, '');
insert into opinion (usuario, empresa, certificado, opinionprofesor) values ('dbroker7', 5, 0, '');
insert into opinion (usuario, empresa, certificado, opinionprofesor) values ('moelsj', 10, 0, '');
insert into opinion (usuario, empresa, certificado, opinionprofesor) values ('cmcgeown9', 16, 0, '');
insert into opinion (usuario, empresa, certificado, opinionprofesor) values ('pwallsworthf', 4, 0, '');
insert into opinion (usuario, empresa, certificado, opinionprofesor) values ('bdenmang', 13, 0, '');
insert into opinion (usuario, empresa, certificado, opinionprofesor) values ('mduxbarrya', 4, 0, '');
insert into opinion (usuario, empresa, certificado, opinionprofesor) values ('cespin2', 12, 0, '');
insert into opinion (usuario, empresa, certificado, opinionprofesor) values ('moelsj', 13, 0, '');
insert into opinion (usuario, empresa, certificado, opinionprofesor) values ('dbroker7', 11, 0, '');
insert into opinion (usuario, empresa, certificado, opinionprofesor) values ('dworboys5', 5, 0, '');
insert into opinion (usuario, empresa, certificado, opinionprofesor) values ('cmcgeown9', 4, 0, '');
insert into opinion (usuario, empresa, certificado, opinionprofesor) values ('dworboys5', 10, 0, '');
insert into opinion (usuario, empresa, certificado, opinionprofesor) values ('moelsj', 3, 0, '');
insert into opinion (usuario, empresa, certificado, opinionprofesor) values ('ehaycox8', 16, 0, '');
insert into opinion (usuario, empresa, certificado, opinionprofesor) values ('cespin2', 16, 0, '');
insert into opinion (usuario, empresa, certificado, opinionprofesor) values ('gadamowicz4', 14, 0, '');
insert into opinion (usuario, empresa, certificado, opinionprofesor) values ('rcortnayh', 14, 0, '');
insert into opinion (usuario, empresa, certificado, opinionprofesor) values ('aglastonburyb', 11, 0, '');
insert into opinion (usuario, empresa, certificado, opinionprofesor) values ('cdanielskyc', 15, 0, '');
insert into opinion (usuario, empresa, certificado, opinionprofesor) values ('cmathes0', 9, 0, '');
insert into opinion (usuario, empresa, certificado, opinionprofesor) values ('dworboys5', 2, 0, '');
insert into opinion (usuario, empresa, certificado, opinionprofesor) values ('gadamowicz4', 12, 0, '');
insert into opinion (usuario, empresa, certificado, opinionprofesor) values ('moelsj', 11, 0, '');
insert into opinion (usuario, empresa, certificado, opinionprofesor) values ('aoneali', 5, 0, '');
insert into opinion (usuario, empresa, certificado, opinionprofesor) values ('mduxbarrya', 12, 0, '');
insert into opinion (usuario, empresa, certificado, opinionprofesor) values ('aoneali', 16, 0, '');
insert into opinion (usuario, empresa, certificado, opinionprofesor) values ('rcortnayh', 9, 0, '');
insert into opinion (usuario, empresa, certificado, opinionprofesor) values ('aoneali', 12, 0, '');
insert into opinion (usuario, empresa, certificado, opinionprofesor) values ('cdanielskyc', 16, 0, '');
insert into opinion (usuario, empresa, certificado, opinionprofesor) values ('gadamowicz4', 9, 0, '');
insert into opinion (usuario, empresa, certificado, opinionprofesor) values ('pwallsworthf', 14, 0, '');
insert into opinion (usuario, empresa, certificado, opinionprofesor) values ('moelsj', 15, 0, '');
insert into opinion (usuario, empresa, certificado, opinionprofesor) values ('deuston3', 13, 0, '');
insert into opinion (usuario, empresa, certificado, opinionprofesor) values ('gstonemane', 3, 0, '');
insert into opinion (usuario, empresa, certificado, opinionprofesor) values ('mduxbarrya', 16, 0, '');
insert into opinion (usuario, empresa, certificado, opinionprofesor) values ('ksuckling6', 16, 0, '');
insert into opinion (usuario, empresa, certificado, opinionprofesor) values ('mduxbarrya', 13, 0, '');
insert into opinion (usuario, empresa, certificado, opinionprofesor) values ('ksuckling6', 10, 0, '');
insert into opinion (usuario, empresa, certificado, opinionprofesor) values ('gadamowicz4', 4, 0, '');
insert into opinion (usuario, empresa, certificado, opinionprofesor) values ('cmathes0', 14, 0, '');
insert into opinion (usuario, empresa, certificado, opinionprofesor) values ('cmathes0', 9, 0, '');
insert into opinion (usuario, empresa, certificado, opinionprofesor) values ('mduxbarrya', 9, 0, '');
insert into opinion (usuario, empresa, certificado, opinionprofesor) values ('acavanaughd', 1, 0, '');
insert into opinion (usuario, empresa, certificado, opinionprofesor) values ('mduxbarrya', 16, 0, '');
insert into opinion (usuario, empresa, certificado, opinionprofesor) values ('ehaycox8', 16, 0, '');
insert into opinion (usuario, empresa, certificado, opinionprofesor) values ('ehaycox8', 8, 0, '');
insert into opinion (usuario, empresa, certificado, opinionprofesor) values ('deuston3', 16, 0, '');
insert into opinion (usuario, empresa, certificado, opinionprofesor) values ('mduxbarrya', 8, 0, '');
insert into opinion (usuario, empresa, certificado, opinionprofesor) values ('dbroker7', 2, 0, '');
insert into opinion (usuario, empresa, certificado, opinionprofesor) values ('eghiraldi1', 10, 0, '');
insert into opinion (usuario, empresa, certificado, opinionprofesor) values ('cmathes0', 14, 0, '');
insert into opinion (usuario, empresa, certificado, opinionprofesor) values ('ksuckling6', 15, 0, '');
insert into opinion (usuario, empresa, certificado, opinionprofesor) values ('aoneali', 3, 0, '');
insert into opinion (usuario, empresa, certificado, opinionprofesor) values ('dbroker7', 11, 0, '');
insert into opinion (usuario, empresa, certificado, opinionprofesor) values ('pwallsworthf', 2, 0, '');
insert into opinion (usuario, empresa, certificado, opinionprofesor) values ('pwallsworthf', 4, 0, '');
insert into opinion (usuario, empresa, certificado, opinionprofesor) values ('eghiraldi1', 9, 0, '');
insert into opinion (usuario, empresa, certificado, opinionprofesor) values ('eghiraldi1', 16, 0, '');
insert into opinion (usuario, empresa, certificado, opinionprofesor) values ('cmcgeown9', 16, 0, '');
insert into opinion (usuario, empresa, certificado, opinionprofesor) values ('cmcgeown9', 13, 0, '');
insert into opinion (usuario, empresa, certificado, opinionprofesor) values ('cmcgeown9', 6, 0, '');
insert into opinion (usuario, empresa, certificado, opinionprofesor) values ('pwallsworthf', 15, 0, '');
insert into opinion (usuario, empresa, certificado, opinionprofesor) values ('aoneali', 15, 0, '');
insert into opinion (usuario, empresa, certificado, opinionprofesor) values ('gstonemane', 8, 0, '');
insert into opinion (usuario, empresa, certificado, opinionprofesor) values ('aoneali', 6, 0, '');
insert into opinion (usuario, empresa, certificado, opinionprofesor) values ('acavanaughd', 11, 0, '');
insert into opinion (usuario, empresa, certificado, opinionprofesor) values ('ksuckling6', 6, 0, '');
insert into opinion (usuario, empresa, certificado, opinionprofesor) values ('mduxbarrya', 15, 0, '');
insert into opinion (usuario, empresa, certificado, opinionprofesor) values ('cmcgeown9', 2, 0, '');
insert into opinion (usuario, empresa, certificado, opinionprofesor) values ('ehaycox8', 11, 0, '');
insert into opinion (usuario, empresa, certificado, opinionprofesor) values ('ksuckling6', 5, 0, '');
insert into opinion (usuario, empresa, certificado, opinionprofesor) values ('aoneali', 1, 0, '');
insert into opinion (usuario, empresa, certificado, opinionprofesor) values ('gstonemane', 2, 0, '');
insert into opinion (usuario, empresa, certificado, opinionprofesor) values ('bdenmang', 13, 0, '');
insert into opinion (usuario, empresa, certificado, opinionprofesor) values ('cmathes0', 2, 0, '');
insert into opinion (usuario, empresa, certificado, opinionprofesor) values ('mduxbarrya', 10, 0, '');
insert into opinion (usuario, empresa, certificado, opinionprofesor) values ('aglastonburyb', 1, 0, '');
insert into opinion (usuario, empresa, certificado, opinionprofesor) values ('eghiraldi1', 5, 0, '');
insert into opinion (usuario, empresa, certificado, opinionprofesor) values ('cdanielskyc', 16, 0, '');
insert into opinion (usuario, empresa, certificado, opinionprofesor) values ('gadamowicz4', 2, 0, '');
insert into opinion (usuario, empresa, certificado, opinionprofesor) values ('dbroker7', 4, 0, '');
insert into opinion (usuario, empresa, certificado, opinionprofesor) values ('pwallsworthf', 2, 0, '');
insert into opinion (usuario, empresa, certificado, opinionprofesor) values ('aoneali', 2, 0, '');
insert into opinion (usuario, empresa, certificado, opinionprofesor) values ('rcortnayh', 4, 0, '');
insert into opinion (usuario, empresa, certificado, opinionprofesor) values ('cdanielskyc', 15, 0, '');
insert into opinion (usuario, empresa, certificado, opinionprofesor) values ('cespin2', 4, 0, '');
insert into opinion (usuario, empresa, certificado, opinionprofesor) values ('ksuckling6', 2, 0, '');
insert into opinion (usuario, empresa, certificado, opinionprofesor) values ('pwallsworthf', 8, 0, '');
insert into opinion (usuario, empresa, certificado, opinionprofesor) values ('cespin2', 7, 0, '');
insert into opinion (usuario, empresa, certificado, opinionprofesor) values ('eghiraldi1', 6, 0, '');
insert into opinion (usuario, empresa, certificado, opinionprofesor) values ('rcortnayh', 13, 0, '');
insert into opinion (usuario, empresa, certificado, opinionprofesor) values ('ksuckling6', 10, 0, '');
insert into opinion (usuario, empresa, certificado, opinionprofesor) values ('dworboys5', 10, 0, '');
insert into opinion (usuario, empresa, certificado, opinionprofesor) values ('cdanielskyc', 1, 0, '');
insert into opinion (usuario, empresa, certificado, opinionprofesor) values ('rcortnayh', 8, 0, '');
insert into opinion (usuario, empresa, certificado, opinionprofesor) values ('cdanielskyc', 6, 0, '');
insert into opinion (usuario, empresa, certificado, opinionprofesor) values ('ksuckling6', 16, 0, '');
insert into opinion (usuario, empresa, certificado, opinionprofesor) values ('rcortnayh', 15, 0, '');
insert into opinion (usuario, empresa, certificado, opinionprofesor) values ('gadamowicz4', 16, 0, '');
insert into opinion (usuario, empresa, certificado, opinionprofesor) values ('dbroker7', 15, 0, '');
insert into opinion (usuario, empresa, certificado, opinionprofesor) values ('acavanaughd', 16, 0, '');
insert into opinion (usuario, empresa, certificado, opinionprofesor) values ('aoneali', 2, 0, '');
insert into opinion (usuario, empresa, certificado, opinionprofesor) values ('bdenmang', 16, 0, '');
insert into opinion (usuario, empresa, certificado, opinionprofesor) values ('pwallsworthf', 16, 0, '');
insert into opinion (usuario, empresa, certificado, opinionprofesor) values ('gstonemane', 6, 0, '');
insert into opinion (usuario, empresa, certificado, opinionprofesor) values ('cmathes0', 8, 0, '');
insert into opinion (usuario, empresa, certificado, opinionprofesor) values ('eghiraldi1', 9, 0, '');
insert into opinion (usuario, empresa, certificado, opinionprofesor) values ('deuston3', 15, 0, '');
insert into opinion (usuario, empresa, certificado, opinionprofesor) values ('cespin2', 16, 0, '');
insert into opinion (usuario, empresa, certificado, opinionprofesor) values ('gadamowicz4', 4, 0, '');
insert into opinion (usuario, empresa, certificado, opinionprofesor) values ('mduxbarrya', 11, 0, '');
insert into opinion (usuario, empresa, certificado, opinionprofesor) values ('dworboys5', 6, 0, '');
insert into opinion (usuario, empresa, certificado, opinionprofesor) values ('acavanaughd', 16, 0, '');
insert into opinion (usuario, empresa, certificado, opinionprofesor) values ('pwallsworthf', 8, 0, '');
insert into opinion (usuario, empresa, certificado, opinionprofesor) values ('aoneali', 5, 0, '');
insert into opinion (usuario, empresa, certificado, opinionprofesor) values ('acavanaughd', 3, 0, '');
insert into opinion (usuario, empresa, certificado, opinionprofesor) values ('mduxbarrya', 9, 0, '');
insert into opinion (usuario, empresa, certificado, opinionprofesor) values ('ehaycox8', 16, 0, '');
insert into opinion (usuario, empresa, certificado, opinionprofesor) values ('dworboys5', 7, 0, '');
insert into opinion (usuario, empresa, certificado, opinionprofesor) values ('aglastonburyb', 12, 0, '');
insert into opinion (usuario, empresa, certificado, opinionprofesor) values ('mduxbarrya', 5, 0, '');
insert into opinion (usuario, empresa, certificado, opinionprofesor) values ('mduxbarrya', 9, 0, '');
insert into opinion (usuario, empresa, certificado, opinionprofesor) values ('ksuckling6', 8, 0, '');
insert into opinion (usuario, empresa, certificado, opinionprofesor) values ('acavanaughd', 16, 0, '');
insert into opinion (usuario, empresa, certificado, opinionprofesor) values ('moelsj', 12, 0, '');
insert into opinion (usuario, empresa, certificado, opinionprofesor) values ('pwallsworthf', 7, 0, '');
insert into opinion (usuario, empresa, certificado, opinionprofesor) values ('pwallsworthf', 4, 0, '');
insert into opinion (usuario, empresa, certificado, opinionprofesor) values ('cespin2', 6, 0, '');
insert into opinion (usuario, empresa, certificado, opinionprofesor) values ('ksuckling6', 3, 0, '');
insert into opinion (usuario, empresa, certificado, opinionprofesor) values ('ksuckling6', 3, 0, '');
insert into opinion (usuario, empresa, certificado, opinionprofesor) values ('mduxbarrya', 2, 0, '');
insert into opinion (usuario, empresa, certificado, opinionprofesor) values ('aoneali', 14, 0, '');
insert into opinion (usuario, empresa, certificado, opinionprofesor) values ('pwallsworthf', 4, 0, '');
insert into opinion (usuario, empresa, certificado, opinionprofesor) values ('bdenmang', 8, 0, '');
insert into opinion (usuario, empresa, certificado, opinionprofesor) values ('aoneali', 15, 0, '');
insert into opinion (usuario, empresa, certificado, opinionprofesor) values ('eghiraldi1', 11, 0, '');
insert into opinion (usuario, empresa, certificado, opinionprofesor) values ('bdenmang', 16, 0, '');
insert into opinion (usuario, empresa, certificado, opinionprofesor) values ('aglastonburyb', 7, 0, '');
insert into opinion (usuario, empresa, certificado, opinionprofesor) values ('gstonemane', 5, 0, '');
insert into opinion (usuario, empresa, certificado, opinionprofesor) values ('gstonemane', 12, 0, '');
insert into opinion (usuario, empresa, certificado, opinionprofesor) values ('mduxbarrya', 5, 0, '');
insert into opinion (usuario, empresa, certificado, opinionprofesor) values ('mduxbarrya', 16, 0, '');
insert into opinion (usuario, empresa, certificado, opinionprofesor) values ('cespin2', 10, 0, '');
insert into opinion (usuario, empresa, certificado, opinionprofesor) values ('gstonemane', 2, 0, '');
insert into opinion (usuario, empresa, certificado, opinionprofesor) values ('mduxbarrya', 14, 0, '');
insert into opinion (usuario, empresa, certificado, opinionprofesor) values ('gstonemane', 13, 0, '');
insert into opinion (usuario, empresa, certificado, opinionprofesor) values ('cmcgeown9', 3, 0, '');
insert into opinion (usuario, empresa, certificado, opinionprofesor) values ('cdanielskyc', 14, 0, '');
insert into opinion (usuario, empresa, certificado, opinionprofesor) values ('acavanaughd', 4, 0, '');
insert into opinion (usuario, empresa, certificado, opinionprofesor) values ('aglastonburyb', 12, 0, '');
insert into opinion (usuario, empresa, certificado, opinionprofesor) values ('gstonemane', 11, 0, '');
insert into opinion (usuario, empresa, certificado, opinionprofesor) values ('moelsj', 15, 0, '');
insert into opinion (usuario, empresa, certificado, opinionprofesor) values ('dworboys5', 8, 0, '');
insert into opinion (usuario, empresa, certificado, opinionprofesor) values ('aglastonburyb', 1, 0, '');
insert into opinion (usuario, empresa, certificado, opinionprofesor) values ('pwallsworthf', 3, 0, '');
insert into opinion (usuario, empresa, certificado, opinionprofesor) values ('deuston3', 12, 0, '');
insert into opinion (usuario, empresa, certificado, opinionprofesor) values ('eghiraldi1', 7, 0, '');
insert into opinion (usuario, empresa, certificado, opinionprofesor) values ('eghiraldi1', 13, 0, '');
insert into opinion (usuario, empresa, certificado, opinionprofesor) values ('dworboys5', 1, 0, '');
insert into opinion (usuario, empresa, certificado, opinionprofesor) values ('cespin2', 12, 0, '');
insert into opinion (usuario, empresa, certificado, opinionprofesor) values ('ksuckling6', 14, 0, '');
insert into opinion (usuario, empresa, certificado, opinionprofesor) values ('cespin2', 11, 0, '');
insert into opinion (usuario, empresa, certificado, opinionprofesor) values ('aoneali', 6, 0, '');
insert into opinion (usuario, empresa, certificado, opinionprofesor) values ('mduxbarrya', 6, 0, '');
insert into opinion (usuario, empresa, certificado, opinionprofesor) values ('rcortnayh', 2, 0, '');
insert into opinion (usuario, empresa, certificado, opinionprofesor) values ('cmathes0', 10, 0, '');
insert into opinion (usuario, empresa, certificado, opinionprofesor) values ('dbroker7', 10, 0, '');
insert into opinion (usuario, empresa, certificado, opinionprofesor) values ('gstonemane', 6, 0, '');
insert into opinion (usuario, empresa, certificado, opinionprofesor) values ('cmcgeown9', 13, 0, '');
insert into opinion (usuario, empresa, certificado, opinionprofesor) values ('acavanaughd', 2, 0, '');
insert into opinion (usuario, empresa, certificado, opinionprofesor) values ('moelsj', 2, 0, '');
insert into opinion (usuario, empresa, certificado, opinionprofesor) values ('gstonemane', 4, 0, '');
insert into opinion (usuario, empresa, certificado, opinionprofesor) values ('bdenmang', 4, 0, '');
insert into opinion (usuario, empresa, certificado, opinionprofesor) values ('aglastonburyb', 6, 0, '');
insert into opinion (usuario, empresa, certificado, opinionprofesor) values ('gstonemane', 9, 0, '');
insert into opinion (usuario, empresa, certificado, opinionprofesor) values ('cmathes0', 15, 0, '');
insert into opinion (usuario, empresa, certificado, opinionprofesor) values ('bdenmang', 4, 0, '');
insert into opinion (usuario, empresa, certificado, opinionprofesor) values ('ehaycox8', 1, 0, '');
insert into opinion (usuario, empresa, certificado, opinionprofesor) values ('eghiraldi1', 4, 0, '');
insert into opinion (usuario, empresa, certificado, opinionprofesor) values ('mduxbarrya', 16, 0, '');
insert into opinion (usuario, empresa, certificado, opinionprofesor) values ('bdenmang', 14, 0, '');
insert into opinion (usuario, empresa, certificado, opinionprofesor) values ('mduxbarrya', 16, 0, '');
insert into opinion (usuario, empresa, certificado, opinionprofesor) values ('deuston3', 11, 0, '');
insert into opinion (usuario, empresa, certificado, opinionprofesor) values ('moelsj', 3, 0, '');
insert into opinion (usuario, empresa, certificado, opinionprofesor) values ('dworboys5', 11, 0, '');
insert into opinion (usuario, empresa, certificado, opinionprofesor) values ('moelsj', 11, 0, '');
insert into opinion (usuario, empresa, certificado, opinionprofesor) values ('cmathes0', 11, 0, '');
insert into opinion (usuario, empresa, certificado, opinionprofesor) values ('pwallsworthf', 2, 0, '');
insert into opinion (usuario, empresa, certificado, opinionprofesor) values ('aoneali', 15, 0, '');
insert into opinion (usuario, empresa, certificado, opinionprofesor) values ('gadamowicz4', 9, 0, '');
insert into opinion (usuario, empresa, certificado, opinionprofesor) values ('acavanaughd', 7, 0, '');
insert into opinion (usuario, empresa, certificado, opinionprofesor) values ('bdenmang', 8, 0, '');
insert into opinion (usuario, empresa, certificado, opinionprofesor) values ('cdanielskyc', 3, 0, '');
insert into opinion (usuario, empresa, certificado, opinionprofesor) values ('rcortnayh', 4, 0, '');
insert into opinion (usuario, empresa, certificado, opinionprofesor) values ('deuston3', 16, 0, '');
insert into opinion (usuario, empresa, certificado, opinionprofesor) values ('moelsj', 7, 0, '');
insert into opinion (usuario, empresa, certificado, opinionprofesor) values ('gstonemane', 13, 0, '');
insert into opinion (usuario, empresa, certificado, opinionprofesor) values ('eghiraldi1', 15, 0, '');
insert into opinion (usuario, empresa, certificado, opinionprofesor) values ('bdenmang', 4, 0, '');
insert into opinion (usuario, empresa, certificado, opinionprofesor) values ('dworboys5', 5, 0, '');
insert into opinion (usuario, empresa, certificado, opinionprofesor) values ('moelsj', 2, 0, '');
insert into opinion (usuario, empresa, certificado, opinionprofesor) values ('cespin2', 6, 0, '');
insert into opinion (usuario, empresa, certificado, opinionprofesor) values ('aoneali', 5, 0, '');
insert into opinion (usuario, empresa, certificado, opinionprofesor) values ('eghiraldi1', 5, 0, '');
insert into opinion (usuario, empresa, certificado, opinionprofesor) values ('moelsj', 13, 0, '');
insert into opinion (usuario, empresa, certificado, opinionprofesor) values ('rcortnayh', 15, 0, '');
insert into opinion (usuario, empresa, certificado, opinionprofesor) values ('cmcgeown9', 5, 0, '');
insert into opinion (usuario, empresa, certificado, opinionprofesor) values ('bdenmang', 11, 0, '');
insert into opinion (usuario, empresa, certificado, opinionprofesor) values ('cdanielskyc', 8, 0, '');
insert into opinion (usuario, empresa, certificado, opinionprofesor) values ('dworboys5', 15, 0, '');
insert into opinion (usuario, empresa, certificado, opinionprofesor) values ('cespin2', 1, 0, '');
insert into opinion (usuario, empresa, certificado, opinionprofesor) values ('rcortnayh', 15, 0, '');
insert into opinion (usuario, empresa, certificado, opinionprofesor) values ('pwallsworthf', 2, 0, '');
insert into opinion (usuario, empresa, certificado, opinionprofesor) values ('cespin2', 13, 0, '');
insert into opinion (usuario, empresa, certificado, opinionprofesor) values ('gadamowicz4', 15, 0, '');
insert into opinion (usuario, empresa, certificado, opinionprofesor) values ('aglastonburyb', 11, 0, '');
insert into opinion (usuario, empresa, certificado, opinionprofesor) values ('ehaycox8', 7, 0, '');
insert into opinion (usuario, empresa, certificado, opinionprofesor) values ('eghiraldi1', 13, 0, '');
insert into opinion (usuario, empresa, certificado, opinionprofesor) values ('aoneali', 4, 0, '');
insert into opinion (usuario, empresa, certificado, opinionprofesor) values ('ehaycox8', 2, 0, '');
insert into opinion (usuario, empresa, certificado, opinionprofesor) values ('ehaycox8', 8, 0, '');
insert into opinion (usuario, empresa, certificado, opinionprofesor) values ('ksuckling6', 6, 0, '');
insert into opinion (usuario, empresa, certificado, opinionprofesor) values ('cmathes0', 12, 0, '');
insert into opinion (usuario, empresa, certificado, opinionprofesor) values ('cmcgeown9', 5, 0, '');
insert into opinion (usuario, empresa, certificado, opinionprofesor) values ('acavanaughd', 6, 0, '');
insert into opinion (usuario, empresa, certificado, opinionprofesor) values ('gstonemane', 16, 0, '');
insert into opinion (usuario, empresa, certificado, opinionprofesor) values ('dworboys5', 6, 0, '');
insert into opinion (usuario, empresa, certificado, opinionprofesor) values ('ksuckling6', 4, 0, '');
insert into opinion (usuario, empresa, certificado, opinionprofesor) values ('aglastonburyb', 3, 0, '');
insert into opinion (usuario, empresa, certificado, opinionprofesor) values ('pwallsworthf', 5, 0, '');
insert into opinion (usuario, empresa, certificado, opinionprofesor) values ('mduxbarrya', 2, 0, '');
insert into opinion (usuario, empresa, certificado, opinionprofesor) values ('cmathes0', 12, 0, '');
insert into opinion (usuario, empresa, certificado, opinionprofesor) values ('dworboys5', 10, 0, '');
insert into opinion (usuario, empresa, certificado, opinionprofesor) values ('ksuckling6', 13, 0, '');
insert into opinion (usuario, empresa, certificado, opinionprofesor) values ('acavanaughd', 15, 0, '');
insert into opinion (usuario, empresa, certificado, opinionprofesor) values ('cmathes0', 2, 0, '');
insert into opinion (usuario, empresa, certificado, opinionprofesor) values ('ksuckling6', 15, 0, '');
insert into opinion (usuario, empresa, certificado, opinionprofesor) values ('ksuckling6', 13, 0, '');
insert into opinion (usuario, empresa, certificado, opinionprofesor) values ('deuston3', 8, 0, '');
insert into opinion (usuario, empresa, certificado, opinionprofesor) values ('gstonemane', 9, 0, '');
insert into opinion (usuario, empresa, certificado, opinionprofesor) values ('ehaycox8', 1, 0, '');
insert into opinion (usuario, empresa, certificado, opinionprofesor) values ('gstonemane', 11, 0, '');
insert into opinion (usuario, empresa, certificado, opinionprofesor) values ('gadamowicz4', 12, 0, '');
insert into opinion (usuario, empresa, certificado, opinionprofesor) values ('gstonemane', 5, 0, '');
insert into opinion (usuario, empresa, certificado, opinionprofesor) values ('bdenmang', 11, 0, '');
insert into opinion (usuario, empresa, certificado, opinionprofesor) values ('ehaycox8', 6, 0, '');
insert into opinion (usuario, empresa, certificado, opinionprofesor) values ('pwallsworthf', 15, 0, '');
insert into opinion (usuario, empresa, certificado, opinionprofesor) values ('moelsj', 7, 0, '');
insert into opinion (usuario, empresa, certificado, opinionprofesor) values ('gadamowicz4', 13, 0, '');
insert into opinion (usuario, empresa, certificado, opinionprofesor) values ('gadamowicz4', 2, 0, '');
insert into opinion (usuario, empresa, certificado, opinionprofesor) values ('cmathes0', 11, 0, '');
insert into opinion (usuario, empresa, certificado, opinionprofesor) values ('moelsj', 12, 0, '');
insert into opinion (usuario, empresa, certificado, opinionprofesor) values ('mduxbarrya', 8, 0, '');
insert into opinion (usuario, empresa, certificado, opinionprofesor) values ('dbroker7', 9, 0, '');
insert into opinion (usuario, empresa, certificado, opinionprofesor) values ('cespin2', 16, 0, '');
insert into opinion (usuario, empresa, certificado, opinionprofesor) values ('rcortnayh', 7, 0, '');
insert into opinion (usuario, empresa, certificado, opinionprofesor) values ('deuston3', 8, 0, '');
insert into opinion (usuario, empresa, certificado, opinionprofesor) values ('cdanielskyc', 2, 0, '');
insert into opinion (usuario, empresa, certificado, opinionprofesor) values ('cmathes0', 2, 0, '');
insert into opinion (usuario, empresa, certificado, opinionprofesor) values ('ksuckling6', 2, 0, '');
insert into opinion (usuario, empresa, certificado, opinionprofesor) values ('deuston3', 16, 0, '');
insert into opinion (usuario, empresa, certificado, opinionprofesor) values ('moelsj', 6, 0, '');
insert into opinion (usuario, empresa, certificado, opinionprofesor) values ('gstonemane', 9, 0, '');
insert into opinion (usuario, empresa, certificado, opinionprofesor) values ('cespin2', 4, 0, '');
insert into opinion (usuario, empresa, certificado, opinionprofesor) values ('dworboys5', 1, 0, '');
insert into opinion (usuario, empresa, certificado, opinionprofesor) values ('ksuckling6', 5, 0, '');
insert into opinion (usuario, empresa, certificado, opinionprofesor) values ('mduxbarrya', 5, 0, '');
insert into opinion (usuario, empresa, certificado, opinionprofesor) values ('dworboys5', 9, 0, '');


insert into valoracion (usuario, empresa, valoracion) values ('eghiraldi1', 12, 4);
insert into valoracion (usuario, empresa, valoracion) values ('cdanielskyc', 14, 4);
insert into valoracion (usuario, empresa, valoracion) values ('mduxbarrya', 5, 1);
insert into valoracion (usuario, empresa, valoracion) values ('ksuckling6', 9, 1);
insert into valoracion (usuario, empresa, valoracion) values ('moelsj', 2, 3);
insert into valoracion (usuario, empresa, valoracion) values ('eghiraldi1', 2, 1);
insert into valoracion (usuario, empresa, valoracion) values ('pwallsworthf', 12, 4);
insert into valoracion (usuario, empresa, valoracion) values ('dworboys5', 8, 3);
insert into valoracion (usuario, empresa, valoracion) values ('mduxbarrya', 16, 2);
insert into valoracion (usuario, empresa, valoracion) values ('pwallsworthf', 9, 4);
insert into valoracion (usuario, empresa, valoracion) values ('aglastonburyb', 1, 4);
insert into valoracion (usuario, empresa, valoracion) values ('acavanaughd', 13, 3);
insert into valoracion (usuario, empresa, valoracion) values ('ksuckling6', 6, 1);
insert into valoracion (usuario, empresa, valoracion) values ('dbroker7', 9, 4);
insert into valoracion (usuario, empresa, valoracion) values ('bdenmang', 16, 3);
insert into valoracion (usuario, empresa, valoracion) values ('moelsj', 7, 2);
insert into valoracion (usuario, empresa, valoracion) values ('acavanaughd', 3, 1);
insert into valoracion (usuario, empresa, valoracion) values ('deuston3', 6, 5);
insert into valoracion (usuario, empresa, valoracion) values ('moelsj', 15, 3);
insert into valoracion (usuario, empresa, valoracion) values ('dbroker7', 4, 3);
insert into valoracion (usuario, empresa, valoracion) values ('deuston3', 2, 3);
insert into valoracion (usuario, empresa, valoracion) values ('acavanaughd', 5, 1);
insert into valoracion (usuario, empresa, valoracion) values ('bdenmang', 15, 4);
insert into valoracion (usuario, empresa, valoracion) values ('moelsj', 9, 1);
insert into valoracion (usuario, empresa, valoracion) values ('mduxbarrya', 7, 1);
insert into valoracion (usuario, empresa, valoracion) values ('bdenmang', 6, 1);
insert into valoracion (usuario, empresa, valoracion) values ('cdanielskyc', 12, 2);
insert into valoracion (usuario, empresa, valoracion) values ('ksuckling6', 10, 4);
insert into valoracion (usuario, empresa, valoracion) values ('cmathes0', 7, 5);
insert into valoracion (usuario, empresa, valoracion) values ('gstonemane', 14, 3);
insert into valoracion (usuario, empresa, valoracion) values ('ksuckling6', 6, 3);
insert into valoracion (usuario, empresa, valoracion) values ('moelsj', 14, 4);
insert into valoracion (usuario, empresa, valoracion) values ('cmathes0', 13, 3);
insert into valoracion (usuario, empresa, valoracion) values ('mduxbarrya', 16, 3);
insert into valoracion (usuario, empresa, valoracion) values ('cdanielskyc', 13, 1);
insert into valoracion (usuario, empresa, valoracion) values ('dworboys5', 14, 4);
insert into valoracion (usuario, empresa, valoracion) values ('dworboys5', 1, 5);
insert into valoracion (usuario, empresa, valoracion) values ('aglastonburyb', 10, 4);
insert into valoracion (usuario, empresa, valoracion) values ('dbroker7', 7, 2);
insert into valoracion (usuario, empresa, valoracion) values ('deuston3', 1, 2);
insert into valoracion (usuario, empresa, valoracion) values ('cmcgeown9', 9, 4);
insert into valoracion (usuario, empresa, valoracion) values ('cmcgeown9', 11, 5);
insert into valoracion (usuario, empresa, valoracion) values ('rcortnayh', 11, 3);
insert into valoracion (usuario, empresa, valoracion) values ('acavanaughd', 3, 2);
insert into valoracion (usuario, empresa, valoracion) values ('dworboys5', 1, 4);
insert into valoracion (usuario, empresa, valoracion) values ('rcortnayh', 8, 1);
insert into valoracion (usuario, empresa, valoracion) values ('acavanaughd', 1, 3);
insert into valoracion (usuario, empresa, valoracion) values ('rcortnayh', 13, 5);
insert into valoracion (usuario, empresa, valoracion) values ('rcortnayh', 16, 2);
insert into valoracion (usuario, empresa, valoracion) values ('deuston3', 8, 2);
insert into valoracion (usuario, empresa, valoracion) values ('mduxbarrya', 5, 2);
insert into valoracion (usuario, empresa, valoracion) values ('cmcgeown9', 9, 4);
insert into valoracion (usuario, empresa, valoracion) values ('ehaycox8', 1, 3);
insert into valoracion (usuario, empresa, valoracion) values ('gadamowicz4', 11, 5);
insert into valoracion (usuario, empresa, valoracion) values ('acavanaughd', 2, 1);
insert into valoracion (usuario, empresa, valoracion) values ('deuston3', 4, 4);
insert into valoracion (usuario, empresa, valoracion) values ('moelsj', 2, 5);
insert into valoracion (usuario, empresa, valoracion) values ('eghiraldi1', 6, 2);
insert into valoracion (usuario, empresa, valoracion) values ('moelsj', 2, 2);
insert into valoracion (usuario, empresa, valoracion) values ('aglastonburyb', 14, 5);
insert into valoracion (usuario, empresa, valoracion) values ('gstonemane', 7, 2);
insert into valoracion (usuario, empresa, valoracion) values ('aoneali', 16, 3);
insert into valoracion (usuario, empresa, valoracion) values ('dworboys5', 9, 2);
insert into valoracion (usuario, empresa, valoracion) values ('aoneali', 6, 2);
insert into valoracion (usuario, empresa, valoracion) values ('cmcgeown9', 2, 3);
insert into valoracion (usuario, empresa, valoracion) values ('deuston3', 7, 4);
insert into valoracion (usuario, empresa, valoracion) values ('dworboys5', 14, 1);
insert into valoracion (usuario, empresa, valoracion) values ('gadamowicz4', 2, 5);
insert into valoracion (usuario, empresa, valoracion) values ('gstonemane', 9, 2);
insert into valoracion (usuario, empresa, valoracion) values ('gadamowicz4', 1, 5);
insert into valoracion (usuario, empresa, valoracion) values ('eghiraldi1', 4, 4);
insert into valoracion (usuario, empresa, valoracion) values ('cdanielskyc', 6, 5);
insert into valoracion (usuario, empresa, valoracion) values ('gadamowicz4', 8, 3);
insert into valoracion (usuario, empresa, valoracion) values ('deuston3', 4, 2);
insert into valoracion (usuario, empresa, valoracion) values ('ksuckling6', 11, 2);
insert into valoracion (usuario, empresa, valoracion) values ('cdanielskyc', 1, 1);
insert into valoracion (usuario, empresa, valoracion) values ('cespin2', 4, 2);
insert into valoracion (usuario, empresa, valoracion) values ('eghiraldi1', 1, 3);
insert into valoracion (usuario, empresa, valoracion) values ('ksuckling6', 3, 5);
insert into valoracion (usuario, empresa, valoracion) values ('rcortnayh', 2, 2);
insert into valoracion (usuario, empresa, valoracion) values ('moelsj', 1, 2);
insert into valoracion (usuario, empresa, valoracion) values ('cmcgeown9', 16, 2);
insert into valoracion (usuario, empresa, valoracion) values ('ehaycox8', 15, 4);
insert into valoracion (usuario, empresa, valoracion) values ('ksuckling6', 5, 5);
insert into valoracion (usuario, empresa, valoracion) values ('moelsj', 2, 1);
insert into valoracion (usuario, empresa, valoracion) values ('eghiraldi1', 2, 1);
insert into valoracion (usuario, empresa, valoracion) values ('cmcgeown9', 16, 5);
insert into valoracion (usuario, empresa, valoracion) values ('cmathes0', 14, 5);
insert into valoracion (usuario, empresa, valoracion) values ('moelsj', 10, 5);
insert into valoracion (usuario, empresa, valoracion) values ('ksuckling6', 14, 1);
